gene	ensembl	opentargets_status	approved_symbol	approved_name	biotype	tractability	top_disease_name	top_disease_score	pancreas_disease_name	pancreas_disease_score	known_drug_count	known_drugs	pancreas_known_drug_count	pancreas_known_drugs
COL12A1	ENSG00000111799	ok	COL12A1	collagen type XII alpha 1 chain	protein_coding	SM:Approved Drug:FALSE; SM:Advanced Clinical:FALSE; SM:Phase 1 Clinical:FALSE; SM:Structure with Ligand:FALSE; SM:High-Quality Ligand:FALSE; SM:High-Quality Pocket:FALSE; SM:Med-Quality Pocket:FALSE; SM:Druggable Family:FALSE; AB:Approved Drug:FALSE; AB:Advanced Clinical:FALSE; AB:Phase 1 Clinical:FALSE; AB:UniProt loc high conf:FALSE; AB:GO CC high conf:TRUE; AB:UniProt loc med conf:TRUE; AB:UniProt SigP or TMHMM:TRUE; AB:GO CC med conf:FALSE; AB:Human Protein Atlas loc:FALSE; PR:Approved Drug:FALSE; PR:Advanced Clinical:FALSE; PR:Phase 1 Clinical:FALSE; PR:Literature:FALSE; PR:UniProt Ubiquitination:FALSE; PR:Database Ubiquitination:TRUE; PR:Half-life Data:FALSE; PR:Small Molecule Binder:FALSE; OC:Approved Drug:FALSE; OC:Advanced Clinical:FALSE; OC:Phase 1 Clinical:FALSE	Bethlem myopathy 2	0.7937293760953129	pancreatic neoplasm	0.0722646196589369	0.0		0.0	
SGIP1	ENSG00000118473	ok	SGIP1	SH3GL interacting endocytic adaptor 1	protein_coding	SM:Approved Drug:FALSE; SM:Advanced Clinical:FALSE; SM:Phase 1 Clinical:FALSE; SM:Structure with Ligand:FALSE; SM:High-Quality Ligand:FALSE; SM:High-Quality Pocket:FALSE; SM:Med-Quality Pocket:FALSE; SM:Druggable Family:FALSE; AB:Approved Drug:FALSE; AB:Advanced Clinical:FALSE; AB:Phase 1 Clinical:FALSE; AB:UniProt loc high conf:TRUE; AB:GO CC high conf:TRUE; AB:UniProt loc med conf:FALSE; AB:UniProt SigP or TMHMM:FALSE; AB:GO CC med conf:FALSE; AB:Human Protein Atlas loc:FALSE; PR:Approved Drug:FALSE; PR:Advanced Clinical:FALSE; PR:Phase 1 Clinical:FALSE; PR:Literature:FALSE; PR:UniProt Ubiquitination:FALSE; PR:Database Ubiquitination:FALSE; PR:Half-life Data:TRUE; PR:Small Molecule Binder:FALSE; OC:Approved Drug:FALSE; OC:Advanced Clinical:FALSE; OC:Phase 1 Clinical:FALSE	type 2 diabetes mellitus	0.4017287502129009			0.0		0.0	
ASAP2	ENSG00000151693	ok	ASAP2	ArfGAP with SH3 domain, ankyrin repeat and PH domain 2	protein_coding	SM:Approved Drug:FALSE; SM:Advanced Clinical:FALSE; SM:Phase 1 Clinical:FALSE; SM:Structure with Ligand:FALSE; SM:High-Quality Ligand:FALSE; SM:High-Quality Pocket:FALSE; SM:Med-Quality Pocket:FALSE; SM:Druggable Family:FALSE; AB:Approved Drug:FALSE; AB:Advanced Clinical:FALSE; AB:Phase 1 Clinical:FALSE; AB:UniProt loc high conf:FALSE; AB:GO CC high conf:TRUE; AB:UniProt loc med conf:TRUE; AB:UniProt SigP or TMHMM:FALSE; AB:GO CC med conf:FALSE; AB:Human Protein Atlas loc:TRUE; PR:Approved Drug:FALSE; PR:Advanced Clinical:FALSE; PR:Phase 1 Clinical:FALSE; PR:Literature:FALSE; PR:UniProt Ubiquitination:FALSE; PR:Database Ubiquitination:TRUE; PR:Half-life Data:TRUE; PR:Small Molecule Binder:FALSE; OC:Approved Drug:FALSE; OC:Advanced Clinical:FALSE; OC:Phase 1 Clinical:FALSE	neurodegenerative disease	0.4619748183558772	pancreatic neoplasm	0.0149166535793575	0.0		0.0	
SLC44A1	ENSG00000070214	ok	SLC44A1	solute carrier family 44 member 1	protein_coding	SM:Approved Drug:FALSE; SM:Advanced Clinical:FALSE; SM:Phase 1 Clinical:FALSE; SM:Structure with Ligand:TRUE; SM:High-Quality Ligand:FALSE; SM:High-Quality Pocket:FALSE; SM:Med-Quality Pocket:FALSE; SM:Druggable Family:FALSE; AB:Approved Drug:FALSE; AB:Advanced Clinical:FALSE; AB:Phase 1 Clinical:FALSE; AB:UniProt loc high conf:TRUE; AB:GO CC high conf:TRUE; AB:UniProt loc med conf:FALSE; AB:UniProt SigP or TMHMM:TRUE; AB:GO CC med conf:FALSE; AB:Human Protein Atlas loc:FALSE; PR:Approved Drug:FALSE; PR:Advanced Clinical:FALSE; PR:Phase 1 Clinical:FALSE; PR:Literature:FALSE; PR:UniProt Ubiquitination:FALSE; PR:Database Ubiquitination:TRUE; PR:Half-life Data:TRUE; PR:Small Molecule Binder:FALSE; OC:Approved Drug:FALSE; OC:Advanced Clinical:FALSE; OC:Phase 1 Clinical:FALSE	neurodegeneration, childhood-onset, with ataxia, tremor, optic atrophy, and cognitive decline	0.6374739187957377			0.0		0.0	
NET1	ENSG00000173848	ok	NET1	neuroepithelial cell transforming 1	protein_coding	SM:Approved Drug:FALSE; SM:Advanced Clinical:FALSE; SM:Phase 1 Clinical:FALSE; SM:Structure with Ligand:FALSE; SM:High-Quality Ligand:FALSE; SM:High-Quality Pocket:FALSE; SM:Med-Quality Pocket:FALSE; SM:Druggable Family:FALSE; AB:Approved Drug:FALSE; AB:Advanced Clinical:FALSE; AB:Phase 1 Clinical:FALSE; AB:UniProt loc high conf:FALSE; AB:GO CC high conf:FALSE; AB:UniProt loc med conf:FALSE; AB:UniProt SigP or TMHMM:FALSE; AB:GO CC med conf:FALSE; AB:Human Protein Atlas loc:FALSE; PR:Approved Drug:FALSE; PR:Advanced Clinical:FALSE; PR:Phase 1 Clinical:FALSE; PR:Literature:FALSE; PR:UniProt Ubiquitination:FALSE; PR:Database Ubiquitination:TRUE; PR:Half-life Data:FALSE; PR:Small Molecule Binder:FALSE; OC:Approved Drug:FALSE; OC:Advanced Clinical:FALSE; OC:Phase 1 Clinical:FALSE	alcohol drinking	0.2497786662415463	pancreatic adenocarcinoma	0.0162615136061268	0.0		0.0	
CHAD	ENSG00000136457	ok	CHAD	chondroadherin	protein_coding	SM:Approved Drug:FALSE; SM:Advanced Clinical:FALSE; SM:Phase 1 Clinical:FALSE; SM:Structure with Ligand:FALSE; SM:High-Quality Ligand:FALSE; SM:High-Quality Pocket:FALSE; SM:Med-Quality Pocket:FALSE; SM:Druggable Family:FALSE; AB:Approved Drug:FALSE; AB:Advanced Clinical:FALSE; AB:Phase 1 Clinical:FALSE; AB:UniProt loc high conf:FALSE; AB:GO CC high conf:FALSE; AB:UniProt loc med conf:TRUE; AB:UniProt SigP or TMHMM:TRUE; AB:GO CC med conf:TRUE; AB:Human Protein Atlas loc:FALSE; PR:Approved Drug:FALSE; PR:Advanced Clinical:FALSE; PR:Phase 1 Clinical:FALSE; PR:Literature:FALSE; PR:UniProt Ubiquitination:FALSE; PR:Database Ubiquitination:FALSE; PR:Half-life Data:FALSE; PR:Small Molecule Binder:FALSE; OC:Approved Drug:FALSE; OC:Advanced Clinical:FALSE; OC:Phase 1 Clinical:FALSE	hepatocellular carcinoma	0.0749117833231741			0.0		0.0	
GATA2	ENSG00000179348	ok	GATA2	GATA binding protein 2	protein_coding	SM:Approved Drug:FALSE; SM:Advanced Clinical:FALSE; SM:Phase 1 Clinical:FALSE; SM:Structure with Ligand:FALSE; SM:High-Quality Ligand:FALSE; SM:High-Quality Pocket:FALSE; SM:Med-Quality Pocket:FALSE; SM:Druggable Family:FALSE; AB:Approved Drug:FALSE; AB:Advanced Clinical:FALSE; AB:Phase 1 Clinical:FALSE; AB:UniProt loc high conf:FALSE; AB:GO CC high conf:FALSE; AB:UniProt loc med conf:FALSE; AB:UniProt SigP or TMHMM:FALSE; AB:GO CC med conf:FALSE; AB:Human Protein Atlas loc:FALSE; PR:Approved Drug:FALSE; PR:Advanced Clinical:FALSE; PR:Phase 1 Clinical:FALSE; PR:Literature:FALSE; PR:UniProt Ubiquitination:TRUE; PR:Database Ubiquitination:TRUE; PR:Half-life Data:FALSE; PR:Small Molecule Binder:FALSE; OC:Approved Drug:FALSE; OC:Advanced Clinical:FALSE; OC:Phase 1 Clinical:FALSE	monocytopenia with susceptibility to infections	0.8201096634071214			0.0		0.0	
ALDH1L2	ENSG00000136010	ok	ALDH1L2	aldehyde dehydrogenase 1 family member L2	protein_coding	SM:Approved Drug:FALSE; SM:Advanced Clinical:FALSE; SM:Phase 1 Clinical:FALSE; SM:Structure with Ligand:FALSE; SM:High-Quality Ligand:FALSE; SM:High-Quality Pocket:FALSE; SM:Med-Quality Pocket:FALSE; SM:Druggable Family:TRUE; AB:Approved Drug:FALSE; AB:Advanced Clinical:FALSE; AB:Phase 1 Clinical:FALSE; AB:UniProt loc high conf:FALSE; AB:GO CC high conf:FALSE; AB:UniProt loc med conf:FALSE; AB:UniProt SigP or TMHMM:FALSE; AB:GO CC med conf:FALSE; AB:Human Protein Atlas loc:FALSE; PR:Approved Drug:FALSE; PR:Advanced Clinical:FALSE; PR:Phase 1 Clinical:FALSE; PR:Literature:FALSE; PR:UniProt Ubiquitination:FALSE; PR:Database Ubiquitination:TRUE; PR:Half-life Data:TRUE; PR:Small Molecule Binder:FALSE; OC:Approved Drug:FALSE; OC:Advanced Clinical:FALSE; OC:Phase 1 Clinical:FALSE	COVID-19	0.2708493306696973			0.0		0.0	
PRKCQ	ENSG00000065675	ok	PRKCQ	protein kinase C theta	protein_coding	SM:Approved Drug:TRUE; SM:Advanced Clinical:FALSE; SM:Phase 1 Clinical:FALSE; SM:Structure with Ligand:TRUE; SM:High-Quality Ligand:TRUE; SM:High-Quality Pocket:FALSE; SM:Med-Quality Pocket:TRUE; SM:Druggable Family:TRUE; AB:Approved Drug:FALSE; AB:Advanced Clinical:FALSE; AB:Phase 1 Clinical:FALSE; AB:UniProt loc high conf:FALSE; AB:GO CC high conf:TRUE; AB:UniProt loc med conf:TRUE; AB:UniProt SigP or TMHMM:FALSE; AB:GO CC med conf:FALSE; AB:Human Protein Atlas loc:FALSE; PR:Approved Drug:FALSE; PR:Advanced Clinical:FALSE; PR:Phase 1 Clinical:FALSE; PR:Literature:FALSE; PR:UniProt Ubiquitination:FALSE; PR:Database Ubiquitination:TRUE; PR:Half-life Data:TRUE; PR:Small Molecule Binder:TRUE; OC:Approved Drug:FALSE; OC:Advanced Clinical:FALSE; OC:Phase 1 Clinical:FALSE	acute myeloid leukemia	0.5413648509273041			5.0	UCN-01:non-small cell lung carcinoma,kidney cancer,renal cell carcinoma,exocrine pancreatic carcinoma,melanoma,primary peritoneal carcinoma,malignant epithelial tumor of ovary,ovarian carcinoma,fallopian tube cancer,anaplastic large cell lymphoma,mature T-cell and NK-cell non-Hodgkin lymphoma,small cell lung carcinoma,B-cell chronic lymphocytic leukemia,neoplasm,solid tumor malignancies,chronic lymphoproliferative disorders,solid tumors,myelodysplastic syndrome,acute myeloid leukemia,solid tumor,low-grade leukemia,low-grade lymphoma,breast cancer,malignant pancreatic neoplasm,peritoneum cancer,lymphoma,acute leukemia,chronic myelogenous leukemia, BCR-ABL1 positive:PHASE_2; MIDOSTAURIN:mast cell leukemia,mastocytosis,acute myeloid leukemia by FAB classification,systemic mastocytosis,acute myeloid leukemia,neoplasm,myelodysplastic syndrome,juvenile myelomonocytic leukemia,aggressive systemic mastocytosis,systemic mastocytosis with an associated clonal hematologic non-mast cell lineage disease,myeloid leukemia,chronic myelogenous leukemia, BCR-ABL1 positive,leukemia,FLT3 mutation,treatment-related myeloid neoplasm,myeloid sarcoma,core-binding factor leukemia,minimal residual disease positivity,molecular relapse,Myelodysplasia,acute lymphoblastic leukemia,acute leukemia,colorectal cancer,rectal cancer,mast cell sarcoma:APPROVAL; GSK-690693:haematological malignancy,solid tumors,lymphoma,hematopoietic and lymphoid cell neoplasm:PHASE_1; CEP-2563:solid tumour/cancer:PHASE_1; SOTRASTAURIN:renal transplant rejection,acute rejection,graft loss,renal transplant recipient,ulcerative colitis,intermediate uveitis,macular retinal edema,posterior uveitis,panuveitis,renal transplant recipients,psoriasis vulgaris,uveal melanoma,diffuse large B-cell lymphoma:PHASE_2	1.0	UCN-01:non-small cell lung carcinoma,kidney cancer,renal cell carcinoma,exocrine pancreatic carcinoma,melanoma,primary peritoneal carcinoma,malignant epithelial tumor of ovary,ovarian carcinoma,fallopian tube cancer,anaplastic large cell lymphoma,mature T-cell and NK-cell non-Hodgkin lymphoma,small cell lung carcinoma,B-cell chronic lymphocytic leukemia,neoplasm,solid tumor malignancies,chronic lymphoproliferative disorders,solid tumors,myelodysplastic syndrome,acute myeloid leukemia,solid tumor,low-grade leukemia,low-grade lymphoma,breast cancer,malignant pancreatic neoplasm,peritoneum cancer,lymphoma,acute leukemia,chronic myelogenous leukemia, BCR-ABL1 positive:PHASE_2
ALDH1A1	ENSG00000165092	ok	ALDH1A1	aldehyde dehydrogenase 1 family member A1	protein_coding	SM:Approved Drug:FALSE; SM:Advanced Clinical:FALSE; SM:Phase 1 Clinical:FALSE; SM:Structure with Ligand:TRUE; SM:High-Quality Ligand:TRUE; SM:High-Quality Pocket:FALSE; SM:Med-Quality Pocket:FALSE; SM:Druggable Family:TRUE; AB:Approved Drug:FALSE; AB:Advanced Clinical:FALSE; AB:Phase 1 Clinical:FALSE; AB:UniProt loc high conf:FALSE; AB:GO CC high conf:FALSE; AB:UniProt loc med conf:FALSE; AB:UniProt SigP or TMHMM:FALSE; AB:GO CC med conf:FALSE; AB:Human Protein Atlas loc:FALSE; PR:Approved Drug:FALSE; PR:Advanced Clinical:FALSE; PR:Phase 1 Clinical:FALSE; PR:Literature:FALSE; PR:UniProt Ubiquitination:FALSE; PR:Database Ubiquitination:TRUE; PR:Half-life Data:TRUE; PR:Small Molecule Binder:TRUE; OC:Approved Drug:FALSE; OC:Advanced Clinical:FALSE; OC:Phase 1 Clinical:FALSE	alcohol drinking	0.399933970322179	pancreatic neoplasm	0.0828799252070498	0.0		0.0	
OXSR1	ENSG00000172939	ok	OXSR1	oxidative stress responsive kinase 1	protein_coding	SM:Approved Drug:FALSE; SM:Advanced Clinical:FALSE; SM:Phase 1 Clinical:FALSE; SM:Structure with Ligand:TRUE; SM:High-Quality Ligand:TRUE; SM:High-Quality Pocket:TRUE; SM:Med-Quality Pocket:FALSE; SM:Druggable Family:TRUE; AB:Approved Drug:FALSE; AB:Advanced Clinical:FALSE; AB:Phase 1 Clinical:FALSE; AB:UniProt loc high conf:FALSE; AB:GO CC high conf:FALSE; AB:UniProt loc med conf:FALSE; AB:UniProt SigP or TMHMM:FALSE; AB:GO CC med conf:FALSE; AB:Human Protein Atlas loc:FALSE; PR:Approved Drug:FALSE; PR:Advanced Clinical:FALSE; PR:Phase 1 Clinical:FALSE; PR:Literature:FALSE; PR:UniProt Ubiquitination:FALSE; PR:Database Ubiquitination:TRUE; PR:Half-life Data:TRUE; PR:Small Molecule Binder:TRUE; OC:Approved Drug:FALSE; OC:Advanced Clinical:FALSE; OC:Phase 1 Clinical:FALSE	autoimmune disorder of central nervous system	0.3363060993244421			0.0		0.0	
TMC5	ENSG00000103534	ok	TMC5	transmembrane channel like 5	protein_coding	SM:Approved Drug:FALSE; SM:Advanced Clinical:FALSE; SM:Phase 1 Clinical:FALSE; SM:Structure with Ligand:FALSE; SM:High-Quality Ligand:FALSE; SM:High-Quality Pocket:FALSE; SM:Med-Quality Pocket:FALSE; SM:Druggable Family:FALSE; AB:Approved Drug:FALSE; AB:Advanced Clinical:FALSE; AB:Phase 1 Clinical:FALSE; AB:UniProt loc high conf:FALSE; AB:GO CC high conf:FALSE; AB:UniProt loc med conf:FALSE; AB:UniProt SigP or TMHMM:TRUE; AB:GO CC med conf:TRUE; AB:Human Protein Atlas loc:TRUE; PR:Approved Drug:FALSE; PR:Advanced Clinical:FALSE; PR:Phase 1 Clinical:FALSE; PR:Literature:FALSE; PR:UniProt Ubiquitination:FALSE; PR:Database Ubiquitination:TRUE; PR:Half-life Data:FALSE; PR:Small Molecule Binder:FALSE; OC:Approved Drug:FALSE; OC:Advanced Clinical:FALSE; OC:Phase 1 Clinical:FALSE	blood coagulation disease	0.3422122867970414	pancreatic adenocarcinoma	0.0633829450784263	0.0		0.0	
PTPRS	ENSG00000105426	ok	PTPRS	protein tyrosine phosphatase receptor type S	protein_coding	SM:Approved Drug:FALSE; SM:Advanced Clinical:FALSE; SM:Phase 1 Clinical:FALSE; SM:Structure with Ligand:TRUE; SM:High-Quality Ligand:TRUE; SM:High-Quality Pocket:FALSE; SM:Med-Quality Pocket:FALSE; SM:Druggable Family:TRUE; AB:Approved Drug:FALSE; AB:Advanced Clinical:FALSE; AB:Phase 1 Clinical:FALSE; AB:UniProt loc high conf:TRUE; AB:GO CC high conf:TRUE; AB:UniProt loc med conf:FALSE; AB:UniProt SigP or TMHMM:TRUE; AB:GO CC med conf:FALSE; AB:Human Protein Atlas loc:FALSE; PR:Approved Drug:FALSE; PR:Advanced Clinical:FALSE; PR:Phase 1 Clinical:FALSE; PR:Literature:FALSE; PR:UniProt Ubiquitination:FALSE; PR:Database Ubiquitination:TRUE; PR:Half-life Data:TRUE; PR:Small Molecule Binder:TRUE; OC:Approved Drug:FALSE; OC:Advanced Clinical:FALSE; OC:Phase 1 Clinical:FALSE	atrial fibrillation	0.4350159896225767			0.0		0.0	
F8	ENSG00000185010	ok	F8	coagulation factor VIII	protein_coding	SM:Approved Drug:FALSE; SM:Advanced Clinical:FALSE; SM:Phase 1 Clinical:FALSE; SM:Structure with Ligand:TRUE; SM:High-Quality Ligand:FALSE; SM:High-Quality Pocket:FALSE; SM:Med-Quality Pocket:TRUE; SM:Druggable Family:FALSE; AB:Approved Drug:FALSE; AB:Advanced Clinical:TRUE; AB:Phase 1 Clinical:FALSE; AB:UniProt loc high conf:FALSE; AB:GO CC high conf:TRUE; AB:UniProt loc med conf:TRUE; AB:UniProt SigP or TMHMM:TRUE; AB:GO CC med conf:FALSE; AB:Human Protein Atlas loc:FALSE; PR:Approved Drug:FALSE; PR:Advanced Clinical:FALSE; PR:Phase 1 Clinical:FALSE; PR:Literature:FALSE; PR:UniProt Ubiquitination:FALSE; PR:Database Ubiquitination:FALSE; PR:Half-life Data:FALSE; PR:Small Molecule Binder:TRUE; OC:Approved Drug:TRUE; OC:Advanced Clinical:FALSE; OC:Phase 1 Clinical:FALSE	hemophilia A	0.9109375473720972			16.0	DAMOCTOCOG ALFA PEGOL:hemorrhage,haemophilia a,blood coagulation factor viii deficiency,hemophilia,Stroke,hemophilia A,bleeding episodes:APPROVAL; SIMOCTOCOG ALFA:blood coagulation factor viii deficiency,hemophilia,hemophilia A,hemorrhage,Hypertension:APPROVAL; EFANESOCTOCOG ALFA:hemorrhage,haemophilia a,blood coagulation factor viii deficiency,hemophilia,hemophilia A,bleeding episodes,Von Willebrand disease,synovial hypertrophy:APPROVAL; TUROCTOCOG ALFA:hemophilia,haemophilia a,hemophilia A,hemorrhage,Von Willebrand disease,surgical bleeding:APPROVAL; SUSOCTOCOG ALFA:hemorrhage,haemophilia a,hemophilia,hemophilia A,acquired hemophilia A,bleeding episodes:APPROVAL; GIROCTOCOGENE FITELPARVOVEC:haemophilia a,hemophilia A:PHASE_3; OMFILOCTOCOG ALFA:hemophilia A,Von Willebrand disease:PHASE_3; HUMAN COAGULATION FACTOR VIII:von Willebrand disease (hereditary or acquired),hemophilia A,postpartum hemorrhage,Von Willebrand disease:PHASE_3; TUROCTOCOG ALFA PEGOL:hemorrhage,blood coagulation factor viii deficiency,hemophilia A,bleeding episodes:APPROVAL; ANTIHEMOPHILIC FACTOR, PEGYLATED (MW 20000) HUMAN SEQUENCE RECOMBINANT:hemorrhage,hemophilia,blood coagulation factor viii deficiency,hemophilia A,haemophilia a,von Willebrand disease (hereditary or acquired),severe haemophilia A,factor VIII inhibitor development,hemophilia B,Von Willebrand disease,inhibitors,inhibitor,heavy menstrual bleeding,surgical bleeding,factor VIII inhibitor,,hemarthrosis:APPROVAL; LONOCTOCOG ALFA:blood coagulation factor viii deficiency,hemorrhage,hemophilia,hemophilia A,von Willebrand disease (hereditary or acquired),severe haemophilia A,hemophilia B,Von Willebrand disease,inhibitors,inhibitor,heavy menstrual bleeding,surgical bleeding,factor VIII inhibitor,,hemarthrosis:APPROVAL; TB-402:atrial fibrillation,venous thromboembolism:PHASE_2; MOROCTOCOG ALFA:hemophilia,hemophilia A,von Willebrand disease (hereditary or acquired),severe haemophilia A,hemophilia B,Von Willebrand disease,inhibitors,inhibitor,heavy menstrual bleeding,,surgical bleeding,factor VIII inhibitor,hemarthrosis:APPROVAL; OCTOCOG ALFA:hemophilia,hemophilia A,von Willebrand disease (hereditary or acquired),severe haemophilia A,hemophilia B,Von Willebrand disease,inhibitors,inhibitor,heavy menstrual bleeding,surgical bleeding,factor VIII inhibitor,,hemarthrosis,acute bleeding:APPROVAL; DROTRECOGIN ALFA (ACTIVATED):Recurrent thrombophlebitis,cerebrovascular ischaemia,severe sepsis,Sepsis,Multiple Organ Failure,septic shock,acute ischemic stroke,acute respiratory distress syndrome,acute lung injury,pulmonary embolism,multiple organ dysfunction,ischemic stroke,chronic kidney disease,pulmonary inflammation,preeclampsia,organ dysfunction,lung inflammation:APPROVAL; EFMOROCTOCOG ALFA:hemorrhage,blood coagulation factor viii deficiency,hemophilia,haemophilia a,hemophilia A,von Willebrand disease (hereditary or acquired),severe haemophilia A,hemophilia B,inhibitors,Von Willebrand disease,inhibitor,heavy menstrual bleeding,factor VIII inhibitor,,hemarthrosis,haemophilia B,hemophilia A inhibitors:APPROVAL	0.0	
KITLG	ENSG00000049130	ok	KITLG	KIT ligand	protein_coding	SM:Approved Drug:FALSE; SM:Advanced Clinical:FALSE; SM:Phase 1 Clinical:FALSE; SM:Structure with Ligand:FALSE; SM:High-Quality Ligand:FALSE; SM:High-Quality Pocket:FALSE; SM:Med-Quality Pocket:TRUE; SM:Druggable Family:FALSE; AB:Approved Drug:FALSE; AB:Advanced Clinical:FALSE; AB:Phase 1 Clinical:FALSE; AB:UniProt loc high conf:TRUE; AB:GO CC high conf:TRUE; AB:UniProt loc med conf:TRUE; AB:UniProt SigP or TMHMM:TRUE; AB:GO CC med conf:FALSE; AB:Human Protein Atlas loc:FALSE; PR:Approved Drug:FALSE; PR:Advanced Clinical:FALSE; PR:Phase 1 Clinical:FALSE; PR:Literature:FALSE; PR:UniProt Ubiquitination:FALSE; PR:Database Ubiquitination:TRUE; PR:Half-life Data:FALSE; PR:Small Molecule Binder:FALSE; OC:Approved Drug:FALSE; OC:Advanced Clinical:FALSE; OC:Phase 1 Clinical:FALSE	hyperpigmentation with or without hypopigmentation, familial progressive	0.6758681791882234			0.0		0.0	
KLF11	ENSG00000172059	ok	KLF11	KLF transcription factor 11	protein_coding	SM:Approved Drug:FALSE; SM:Advanced Clinical:FALSE; SM:Phase 1 Clinical:FALSE; SM:Structure with Ligand:FALSE; SM:High-Quality Ligand:FALSE; SM:High-Quality Pocket:FALSE; SM:Med-Quality Pocket:FALSE; SM:Druggable Family:FALSE; AB:Approved Drug:FALSE; AB:Advanced Clinical:FALSE; AB:Phase 1 Clinical:FALSE; AB:UniProt loc high conf:FALSE; AB:GO CC high conf:FALSE; AB:UniProt loc med conf:FALSE; AB:UniProt SigP or TMHMM:FALSE; AB:GO CC med conf:FALSE; AB:Human Protein Atlas loc:FALSE; PR:Approved Drug:FALSE; PR:Advanced Clinical:FALSE; PR:Phase 1 Clinical:FALSE; PR:Literature:FALSE; PR:UniProt Ubiquitination:FALSE; PR:Database Ubiquitination:TRUE; PR:Half-life Data:FALSE; PR:Small Molecule Binder:FALSE; OC:Approved Drug:FALSE; OC:Advanced Clinical:FALSE; OC:Phase 1 Clinical:FALSE	MODY	0.6109684287823747	pancreatic neoplasm	0.033097266135386	0.0		0.0	
ITGB8	ENSG00000105855	ok	ITGB8	integrin subunit beta 8	protein_coding	SM:Approved Drug:FALSE; SM:Advanced Clinical:FALSE; SM:Phase 1 Clinical:FALSE; SM:Structure with Ligand:TRUE; SM:High-Quality Ligand:TRUE; SM:High-Quality Pocket:FALSE; SM:Med-Quality Pocket:FALSE; SM:Druggable Family:TRUE; AB:Approved Drug:FALSE; AB:Advanced Clinical:FALSE; AB:Phase 1 Clinical:FALSE; AB:UniProt loc high conf:TRUE; AB:GO CC high conf:TRUE; AB:UniProt loc med conf:FALSE; AB:UniProt SigP or TMHMM:TRUE; AB:GO CC med conf:FALSE; AB:Human Protein Atlas loc:TRUE; PR:Approved Drug:FALSE; PR:Advanced Clinical:FALSE; PR:Phase 1 Clinical:FALSE; PR:Literature:FALSE; PR:UniProt Ubiquitination:FALSE; PR:Database Ubiquitination:TRUE; PR:Half-life Data:TRUE; PR:Small Molecule Binder:FALSE; OC:Approved Drug:FALSE; OC:Advanced Clinical:FALSE; OC:Phase 1 Clinical:FALSE	asthma	0.4989239831604539			1.0	ABITUZUMAB:colorectal cancer,prostate cancer,systemic sclerosis,interstitial lung disease,ovarian cancer,bone metastases,solid tumor:PHASE_2	0.0	
SLC6A14	ENSG00000268104	ok	SLC6A14	solute carrier family 6 member 14	protein_coding	SM:Approved Drug:FALSE; SM:Advanced Clinical:FALSE; SM:Phase 1 Clinical:FALSE; SM:Structure with Ligand:FALSE; SM:High-Quality Ligand:TRUE; SM:High-Quality Pocket:FALSE; SM:Med-Quality Pocket:FALSE; SM:Druggable Family:TRUE; AB:Approved Drug:FALSE; AB:Advanced Clinical:FALSE; AB:Phase 1 Clinical:FALSE; AB:UniProt loc high conf:FALSE; AB:GO CC high conf:TRUE; AB:UniProt loc med conf:TRUE; AB:UniProt SigP or TMHMM:TRUE; AB:GO CC med conf:FALSE; AB:Human Protein Atlas loc:TRUE; PR:Approved Drug:FALSE; PR:Advanced Clinical:FALSE; PR:Phase 1 Clinical:FALSE; PR:Literature:FALSE; PR:UniProt Ubiquitination:FALSE; PR:Database Ubiquitination:FALSE; PR:Half-life Data:FALSE; PR:Small Molecule Binder:FALSE; OC:Approved Drug:FALSE; OC:Advanced Clinical:FALSE; OC:Phase 1 Clinical:FALSE	cystic fibrosis	0.3959799564693109	pancreatic neoplasm	0.0378393907850253	0.0		0.0	
KDM5B	ENSG00000117139	ok	KDM5B	lysine demethylase 5B	protein_coding	SM:Approved Drug:FALSE; SM:Advanced Clinical:FALSE; SM:Phase 1 Clinical:FALSE; SM:Structure with Ligand:TRUE; SM:High-Quality Ligand:TRUE; SM:High-Quality Pocket:FALSE; SM:Med-Quality Pocket:FALSE; SM:Druggable Family:FALSE; AB:Approved Drug:FALSE; AB:Advanced Clinical:FALSE; AB:Phase 1 Clinical:FALSE; AB:UniProt loc high conf:FALSE; AB:GO CC high conf:FALSE; AB:UniProt loc med conf:FALSE; AB:UniProt SigP or TMHMM:FALSE; AB:GO CC med conf:FALSE; AB:Human Protein Atlas loc:FALSE; PR:Approved Drug:FALSE; PR:Advanced Clinical:FALSE; PR:Phase 1 Clinical:FALSE; PR:Literature:FALSE; PR:UniProt Ubiquitination:TRUE; PR:Database Ubiquitination:TRUE; PR:Half-life Data:TRUE; PR:Small Molecule Binder:TRUE; OC:Approved Drug:FALSE; OC:Advanced Clinical:FALSE; OC:Phase 1 Clinical:FALSE	intellectual disability, autosomal recessive 65	0.7493494202663201			0.0		0.0	
SLC39A8	ENSG00000138821	ok	SLC39A8	solute carrier family 39 member 8	protein_coding	SM:Approved Drug:FALSE; SM:Advanced Clinical:FALSE; SM:Phase 1 Clinical:FALSE; SM:Structure with Ligand:FALSE; SM:High-Quality Ligand:FALSE; SM:High-Quality Pocket:FALSE; SM:Med-Quality Pocket:FALSE; SM:Druggable Family:FALSE; AB:Approved Drug:FALSE; AB:Advanced Clinical:FALSE; AB:Phase 1 Clinical:FALSE; AB:UniProt loc high conf:TRUE; AB:GO CC high conf:TRUE; AB:UniProt loc med conf:FALSE; AB:UniProt SigP or TMHMM:TRUE; AB:GO CC med conf:FALSE; AB:Human Protein Atlas loc:FALSE; PR:Approved Drug:FALSE; PR:Advanced Clinical:FALSE; PR:Phase 1 Clinical:FALSE; PR:Literature:FALSE; PR:UniProt Ubiquitination:FALSE; PR:Database Ubiquitination:TRUE; PR:Half-life Data:FALSE; PR:Small Molecule Binder:FALSE; OC:Approved Drug:FALSE; OC:Advanced Clinical:FALSE; OC:Phase 1 Clinical:FALSE	SLC39A8-CDG	0.8000487689199122			0.0		0.0	
KRT14	ENSG00000186847	ok	KRT14	keratin 14	protein_coding	SM:Approved Drug:FALSE; SM:Advanced Clinical:FALSE; SM:Phase 1 Clinical:FALSE; SM:Structure with Ligand:FALSE; SM:High-Quality Ligand:FALSE; SM:High-Quality Pocket:FALSE; SM:Med-Quality Pocket:FALSE; SM:Druggable Family:FALSE; AB:Approved Drug:FALSE; AB:Advanced Clinical:FALSE; AB:Phase 1 Clinical:FALSE; AB:UniProt loc high conf:FALSE; AB:GO CC high conf:FALSE; AB:UniProt loc med conf:FALSE; AB:UniProt SigP or TMHMM:FALSE; AB:GO CC med conf:TRUE; AB:Human Protein Atlas loc:FALSE; PR:Approved Drug:FALSE; PR:Advanced Clinical:FALSE; PR:Phase 1 Clinical:FALSE; PR:Literature:FALSE; PR:UniProt Ubiquitination:TRUE; PR:Database Ubiquitination:TRUE; PR:Half-life Data:FALSE; PR:Small Molecule Binder:FALSE; OC:Approved Drug:FALSE; OC:Advanced Clinical:FALSE; OC:Phase 1 Clinical:FALSE	epidermolysis bullosa simplex 1A, generalized severe	0.8087361177811906			0.0		0.0	
PRKAR2B	ENSG00000005249	ok	PRKAR2B	protein kinase cAMP-dependent type II regulatory subunit beta	protein_coding	SM:Approved Drug:FALSE; SM:Advanced Clinical:FALSE; SM:Phase 1 Clinical:FALSE; SM:Structure with Ligand:FALSE; SM:High-Quality Ligand:FALSE; SM:High-Quality Pocket:FALSE; SM:Med-Quality Pocket:FALSE; SM:Druggable Family:FALSE; AB:Approved Drug:FALSE; AB:Advanced Clinical:FALSE; AB:Phase 1 Clinical:FALSE; AB:UniProt loc high conf:TRUE; AB:GO CC high conf:TRUE; AB:UniProt loc med conf:FALSE; AB:UniProt SigP or TMHMM:FALSE; AB:GO CC med conf:FALSE; AB:Human Protein Atlas loc:FALSE; PR:Approved Drug:FALSE; PR:Advanced Clinical:FALSE; PR:Phase 1 Clinical:FALSE; PR:Literature:FALSE; PR:UniProt Ubiquitination:FALSE; PR:Database Ubiquitination:TRUE; PR:Half-life Data:TRUE; PR:Small Molecule Binder:FALSE; OC:Approved Drug:FALSE; OC:Advanced Clinical:FALSE; OC:Phase 1 Clinical:FALSE	Abnormality of the skeletal system	0.3264936912923177			0.0		0.0	
LY75	ENSG00000054219	ok	LY75	lymphocyte antigen 75	protein_coding	SM:Approved Drug:FALSE; SM:Advanced Clinical:FALSE; SM:Phase 1 Clinical:FALSE; SM:Structure with Ligand:FALSE; SM:High-Quality Ligand:FALSE; SM:High-Quality Pocket:FALSE; SM:Med-Quality Pocket:FALSE; SM:Druggable Family:FALSE; AB:Approved Drug:FALSE; AB:Advanced Clinical:FALSE; AB:Phase 1 Clinical:FALSE; AB:UniProt loc high conf:FALSE; AB:GO CC high conf:TRUE; AB:UniProt loc med conf:FALSE; AB:UniProt SigP or TMHMM:TRUE; AB:GO CC med conf:FALSE; AB:Human Protein Atlas loc:FALSE; PR:Approved Drug:FALSE; PR:Advanced Clinical:FALSE; PR:Phase 1 Clinical:FALSE; PR:Literature:FALSE; PR:UniProt Ubiquitination:FALSE; PR:Database Ubiquitination:FALSE; PR:Half-life Data:TRUE; PR:Small Molecule Binder:FALSE; OC:Approved Drug:FALSE; OC:Advanced Clinical:TRUE; OC:Phase 1 Clinical:FALSE	placental abruption	0.2857000536751096			1.0	RASDEGAFUSP ALFA:ovarian cancer,solid tumour/cancer,melanoma,non-small cell lung carcinoma,NY-ESO-1-expressing tumors,cancer,advanced solid tumor,triple-negative breast carcinoma,solid tumors:PHASE_2	0.0	
SSH1	ENSG00000084112	ok	SSH1	slingshot protein phosphatase 1	protein_coding	SM:Approved Drug:FALSE; SM:Advanced Clinical:FALSE; SM:Phase 1 Clinical:FALSE; SM:Structure with Ligand:FALSE; SM:High-Quality Ligand:FALSE; SM:High-Quality Pocket:FALSE; SM:Med-Quality Pocket:FALSE; SM:Druggable Family:FALSE; AB:Approved Drug:FALSE; AB:Advanced Clinical:FALSE; AB:Phase 1 Clinical:FALSE; AB:UniProt loc high conf:FALSE; AB:GO CC high conf:TRUE; AB:UniProt loc med conf:FALSE; AB:UniProt SigP or TMHMM:FALSE; AB:GO CC med conf:FALSE; AB:Human Protein Atlas loc:FALSE; PR:Approved Drug:FALSE; PR:Advanced Clinical:FALSE; PR:Phase 1 Clinical:FALSE; PR:Literature:FALSE; PR:UniProt Ubiquitination:FALSE; PR:Database Ubiquitination:TRUE; PR:Half-life Data:TRUE; PR:Small Molecule Binder:FALSE; OC:Approved Drug:FALSE; OC:Advanced Clinical:FALSE; OC:Phase 1 Clinical:FALSE	digestive system disorder	0.2779687594186956	pancreatic neoplasm	0.0111284600688393	0.0		0.0	
NR3C2	ENSG00000151623	ok	NR3C2	nuclear receptor subfamily 3 group C member 2	protein_coding	SM:Approved Drug:TRUE; SM:Advanced Clinical:FALSE; SM:Phase 1 Clinical:FALSE; SM:Structure with Ligand:TRUE; SM:High-Quality Ligand:TRUE; SM:High-Quality Pocket:FALSE; SM:Med-Quality Pocket:TRUE; SM:Druggable Family:TRUE; AB:Approved Drug:FALSE; AB:Advanced Clinical:FALSE; AB:Phase 1 Clinical:FALSE; AB:UniProt loc high conf:FALSE; AB:GO CC high conf:FALSE; AB:UniProt loc med conf:TRUE; AB:UniProt SigP or TMHMM:FALSE; AB:GO CC med conf:FALSE; AB:Human Protein Atlas loc:FALSE; PR:Approved Drug:FALSE; PR:Advanced Clinical:FALSE; PR:Phase 1 Clinical:FALSE; PR:Literature:FALSE; PR:UniProt Ubiquitination:FALSE; PR:Database Ubiquitination:TRUE; PR:Half-life Data:FALSE; PR:Small Molecule Binder:TRUE; OC:Approved Drug:FALSE; OC:Advanced Clinical:FALSE; OC:Phase 1 Clinical:FALSE	autosomal dominant pseudohypoaldosteronism type 1	0.7768569974609305			17.0	LY2623091:chronic kidney disease,Hypertension,hypertensive disorder:PHASE_2; XL550:Hypertension,essential hypertension,hypertensive disorder,type 2 diabetes mellitus,Moderate albuminuria,primary aldosteronism:APPROVAL; MT-3995:diabetic kidney disease,metabolic dysfunction-associated steatohepatitis:PHASE_2; FINERENONE:cardiovascular disorder,chronic kidney disease,heart failure,type 2 diabetes mellitus,diabetic kidney disease,Proteinuria,type 1 diabetes mellitus,IgA glomerulonephritis,left ventricular systolic dysfunction,Hypertension,left ventricular hypertrophy,aortic stenosis,chronic heart failure,renal function decline,non diabetic glomerulonephritis,cardiovascular autonomic neuropathy,cardio-renal complications,Alport syndrome,diabetic retinopathy,elevated albuminuria,immunoglobulin A nephropathy,stage 5 chronic kidney disease,primary membranous nephropathy,henoch-scholein purpura nephritis,acute heart failure,heart failure with mildly reduced ejection fraction,heart failure with preserved ejection fraction:APPROVAL; DESOXYCORTICOSTERONE PIVALATE:primary adrenal insufficiency:APPROVAL; DESOXYCORTICOSTERONE ACETATE:discovery agent:APPROVAL; FLUDROCORTISONE ACETATE:primary adrenal insufficiency,adrenogenital syndrome,chronic primary adrenal insufficiency,congenital adrenal hyperplasia,septic shock,COVID-19,blood pressure dysregulation,delayed gastric emptying,aneurysmal subarachnoid haemorrhage,prostate cancer,orthostatic hypotension,sudden sensorineural hearing loss:APPROVAL; FELODIPINE:hypertensive disorder,diabetes mellitus,cardiovascular disorder,Hypertension,obesity disorder,essential hypertension:APPROVAL; DROSPIRENONE:acne,Pain,Dysmenorrhea,endometriosis,contraception,contraceptives, oral,essential hypertension,Obesity,polycystic ovary syndrome,vasomotor symptoms,menopausal symptoms,dysmenorrhoeic pain,hormone withdrawal associated symptoms,pelvic pain,premenstrual tension,functional ovarian cyst,gynaecological conditions,primary dysmenorrhea,primary dysmenorrhoea,Hirsutism,menstrually-related mood disorder,prehypertension,hidradenitis suppurativa,binge eating disorder,uterine bleeding,Menorrhagia,type 2 diabetes mellitus,heavy menstrual bleeding,adenomyosis,metabolic syndrome,depressive disorder,,premenstrual dysphoric disorder,premenstrual dysphoria,follicular dysynchrony,Infertility,Myalgia,Arthralgia,menopause,cardiovascular disorder,premenstrual symptoms,contraceptive use,body weight change,side effects,heavy bleeding,irregular bleeding,healthy female mood,premature menopause,Premature ovarian insufficiency,Insulin resistance,breast cancer,ovarian endometrioma,thin endometrium,cervical mucus changes,ovulation inhibition,blood pressure trait,heart rate,postmenstrual spotting,abnormal uterine bleeding,hyperandrogenism,Irregular menstruation:APPROVAL; CANRENONE:cardiovascular disorder,acute respiratory distress syndrome,,congestive heart failure,aldosterone-producing adenoma,primary aldosteronism:APPROVAL; PF-03882845:albuminuria,type 2 diabetes mellitus,diabetic kidney disease:PHASE_1; BALCINRENONE:heart failure,chronic kidney disease,albuminuria,heart failure with preserved ejection fraction,heart failure with mildly reduced ejection fraction:PHASE_2; VAMOROLONE:Duchenne muscular dystrophy,duchenne dystrophy,Becker muscular dystrophy,ulcerative colitis,inflammatory bowel disease,multiple sclerosis,rheumatoid arthritis:APPROVAL; NIMODIPINE:,cardiovascular disorder,cerebral vasospasm,aneurysmal subarachnoid hemorrhage,subarachnoid hemorrhage,organophosphorus insecticide poisoning,carbamate insecticide poisoning,cocaine dependence,vascular cognitive impairment,Mental deterioration,postictal phenomena,Vestibular schwannoma,cerebral vascular spasm,alcohol abuse,cocaine abuse,AIDS dementia complex,frontotemporal dementia,schizophrenia,mixed dementia,reversible cerebral vasoconstriction syndrome,angiographic negative subarachnoid hemorrhage,sleep-associated brain health,postoperative pain:APPROVAL; CANRENOATE POTASSIUM:cardiovascular disorder,kidney graft failure,acute respiratory distress syndrome:APPROVAL; EPLERENONE:Hypertension,stroke disorder,hypertensive disorder,myocardial infarction,heart failure,congestive heart failure,cardiovascular disorder,resistant arterial hypertension,heart failure hospitalization,cardiovascular mortality,chronic kidney disease,heart failure with reduced ejection fraction,metabolic syndrome,Glucose intolerance,type 2 diabetes mellitus,arrhythmogenic cardiomyopathy,dilated cardiomyopathy,cardiomyopathy,Duchenne muscular dystrophy,renal transplant graft dysfunction,essential hypertension,arterial stiffness measurement,central serous retinopathy,primary hyperparathyroidism,proteinuric renal diseases,albuminuric nephropathy,Ascites,nephrotoxicity,abdominal fat accumulation,cardiac steatosis,Hepatic steatosis,heart disorder,subretinal fluid,myocardial injury,concentric left ventricular remodeling,chronic hypertension,coronary microvascular dysfunction,Gitelman syndrome,supine hypertension,diabetic kidney disease,diastolic dysfunction,abnormal cardiac hemodynamics,microvascular endothelial dysfunction,preeclampsia,coronavirus disease 2019 (covid-19),left ventricular systolic dysfunction,coronary vascular dysfunction,albuminuria,diabetes mellitus,diastolic heart failure,elevated plasma plasminogen activator inhibitor-1 level,systemic right ventricle dysfunction,Obesity,cardiovascular autonomic dysfunction,Hypoglycemia,human immunodeficiency virus infection,muscular dystrophy,impaired insulin sensitivity,impaired insulin secretion,impaired glycemic control,ischemia reperfusion injury in human myocardium,chronic heart failure,Primary hyperaldosteronism,primary aldosteronism,heart failure with preserved ejection fraction:APPROVAL; SPIRONOLACTONE:hypertensive disorder,nephrotic syndrome,heart failure,myocardial infarction,congestive heart failure,cirrhosis of liver,,edema,preeclampsia,cardiovascular disorder,Ascites,Hepatic fibrosis,Primary hyperaldosteronism,essential hypertension,coronavirus disease 2019 (covid-19),cardiovascular mortality,heart failure hospitalization,aborted cardiac arrest,heart failure with preserved ejection fraction,Peritoneal Fibrosis,hypertensive heart disease,Hypertension resistant to conventional therapy,type 2 diabetes mellitus,Glucose intolerance,large elastic artery stiffness,vascular endothelial dysfunction,autosomal dominant polycystic kidney disease,cardiomyopathy,Duchenne muscular dystrophy,coronary calcification,inflammatory lesions,acne,uncontrolled hypertension,primary aldosteronism,COVID-19,cardiovascular death,heart failure hospitalizations,acute respiratory distress syndrome,rheumatoid arthritis,Myocardial fibrosis,atrial fibrillation,Hypertension,chronic kidney disease,Proteinuria,bronchopulmonary dysplasia,chronic lung disease,acute decompensated heart failure,polycystic ovarian syndrome,Insulin resistance,autism spectrum disorder,heart failure with improved ejection fraction,familial male isosexual precocious puberty,female pattern hair loss,diabetic kidney disease,metabolic dysfunction-associated steatotic liver disease,Hyperkalemia,Nephropathy,stage 5 chronic kidney disease,pulmonary arterial hypertension,pre-hypertension,malignant ascites,Arrhythmogenic right ventricular dysplasia,age-related macular degeneration,cardiac function changes,Reduced left ventricular ejection fraction,type 1 cardiorenal syndrome,heart failure with reduced ejection fraction,Stroke,obstructive sleep apnea syndrome,gender dysphoria,testosterone suppression,polycystic ovary syndrome,neuroblastoma,alcohol abuse,aortic stenosis,subretinal fluid,central serous retinopathy,acute myeloid leukemia,metabolic dysfunction-associated steatohepatitis,cardiac fibrosis,glioblastoma,degenerative thoracic aortic aneurysm,metabolic syndrome,albuminuria,heart failure with mildly reduced ejection fraction,freckles,alcohol dependence,hyperandrogenism,ovulatory dysfunction,dry eye syndrome,nonischemic cardiomyopathy,functional mitral regurgitation,ischemic cardiomyopathy,Hypercalciuria,depressive disorder,low renin hypertension,kidney failure,Renal insufficiency,right ventricular failure,coronary microvascular dysfunction,acute myocardial infarction,Hirsutism,Obesity,kidney disorder,Alport syndrome,resistant arterial hypertension,vascular dysfunction,type 1 diabetes mellitus,Arrhythmia,Prolonged QT interval,familial long QT syndrome,target organ damage,human immunodeficiency virus serostatus unknown,human immunodeficiency virus infection,end-stage kidney disease,acute heart failure,left ventricular systolic dysfunction,mild cognitive impairment,acute congestive heart failure,Cirrhosis,left ventricular impairment,type 2 myocardial infarction,coronary artery disorder,Mitral regurgitation,rare cardiomyopathies,cardiovascular events,cerebrovascular events,idiopathic hyperaldosteronism,hiv reservoir:APPROVAL	0.0	
PRKCI	ENSG00000163558	ok	PRKCI	protein kinase C iota	protein_coding	SM:Approved Drug:TRUE; SM:Advanced Clinical:FALSE; SM:Phase 1 Clinical:FALSE; SM:Structure with Ligand:TRUE; SM:High-Quality Ligand:TRUE; SM:High-Quality Pocket:TRUE; SM:Med-Quality Pocket:FALSE; SM:Druggable Family:TRUE; AB:Approved Drug:FALSE; AB:Advanced Clinical:FALSE; AB:Phase 1 Clinical:FALSE; AB:UniProt loc high conf:FALSE; AB:GO CC high conf:TRUE; AB:UniProt loc med conf:FALSE; AB:UniProt SigP or TMHMM:FALSE; AB:GO CC med conf:FALSE; AB:Human Protein Atlas loc:FALSE; PR:Approved Drug:FALSE; PR:Advanced Clinical:FALSE; PR:Phase 1 Clinical:FALSE; PR:Literature:TRUE; PR:UniProt Ubiquitination:FALSE; PR:Database Ubiquitination:TRUE; PR:Half-life Data:TRUE; PR:Small Molecule Binder:TRUE; OC:Approved Drug:FALSE; OC:Advanced Clinical:FALSE; OC:Phase 1 Clinical:FALSE	acute myeloid leukemia	0.5413648509273041	pancreatic neoplasm	0.0979972558606782	5.0	SOTRASTAURIN:renal transplant rejection,acute rejection,graft loss,renal transplant recipient,ulcerative colitis,intermediate uveitis,macular retinal edema,posterior uveitis,panuveitis,renal transplant recipients,psoriasis vulgaris,uveal melanoma,diffuse large B-cell lymphoma:PHASE_2; MIDOSTAURIN:mast cell leukemia,mastocytosis,acute myeloid leukemia by FAB classification,systemic mastocytosis,acute myeloid leukemia,neoplasm,myelodysplastic syndrome,juvenile myelomonocytic leukemia,aggressive systemic mastocytosis,systemic mastocytosis with an associated clonal hematologic non-mast cell lineage disease,myeloid leukemia,chronic myelogenous leukemia, BCR-ABL1 positive,leukemia,FLT3 mutation,treatment-related myeloid neoplasm,myeloid sarcoma,core-binding factor leukemia,minimal residual disease positivity,molecular relapse,Myelodysplasia,acute lymphoblastic leukemia,acute leukemia,colorectal cancer,rectal cancer,mast cell sarcoma:APPROVAL; UCN-01:non-small cell lung carcinoma,kidney cancer,renal cell carcinoma,exocrine pancreatic carcinoma,melanoma,primary peritoneal carcinoma,malignant epithelial tumor of ovary,ovarian carcinoma,fallopian tube cancer,anaplastic large cell lymphoma,mature T-cell and NK-cell non-Hodgkin lymphoma,small cell lung carcinoma,B-cell chronic lymphocytic leukemia,neoplasm,solid tumor malignancies,chronic lymphoproliferative disorders,solid tumors,myelodysplastic syndrome,acute myeloid leukemia,solid tumor,low-grade leukemia,low-grade lymphoma,breast cancer,malignant pancreatic neoplasm,peritoneum cancer,lymphoma,acute leukemia,chronic myelogenous leukemia, BCR-ABL1 positive:PHASE_2; CEP-2563:solid tumour/cancer:PHASE_1; GSK-690693:haematological malignancy,solid tumors,lymphoma,hematopoietic and lymphoid cell neoplasm:PHASE_1	1.0	UCN-01:non-small cell lung carcinoma,kidney cancer,renal cell carcinoma,exocrine pancreatic carcinoma,melanoma,primary peritoneal carcinoma,malignant epithelial tumor of ovary,ovarian carcinoma,fallopian tube cancer,anaplastic large cell lymphoma,mature T-cell and NK-cell non-Hodgkin lymphoma,small cell lung carcinoma,B-cell chronic lymphocytic leukemia,neoplasm,solid tumor malignancies,chronic lymphoproliferative disorders,solid tumors,myelodysplastic syndrome,acute myeloid leukemia,solid tumor,low-grade leukemia,low-grade lymphoma,breast cancer,malignant pancreatic neoplasm,peritoneum cancer,lymphoma,acute leukemia,chronic myelogenous leukemia, BCR-ABL1 positive:PHASE_2
CPEB3	ENSG00000107864	ok	CPEB3	cytoplasmic polyadenylation element binding protein 3	protein_coding	SM:Approved Drug:FALSE; SM:Advanced Clinical:FALSE; SM:Phase 1 Clinical:FALSE; SM:Structure with Ligand:FALSE; SM:High-Quality Ligand:FALSE; SM:High-Quality Pocket:FALSE; SM:Med-Quality Pocket:FALSE; SM:Druggable Family:FALSE; AB:Approved Drug:FALSE; AB:Advanced Clinical:FALSE; AB:Phase 1 Clinical:FALSE; AB:UniProt loc high conf:FALSE; AB:GO CC high conf:TRUE; AB:UniProt loc med conf:FALSE; AB:UniProt SigP or TMHMM:FALSE; AB:GO CC med conf:FALSE; AB:Human Protein Atlas loc:TRUE; PR:Approved Drug:FALSE; PR:Advanced Clinical:FALSE; PR:Phase 1 Clinical:FALSE; PR:Literature:FALSE; PR:UniProt Ubiquitination:TRUE; PR:Database Ubiquitination:TRUE; PR:Half-life Data:FALSE; PR:Small Molecule Binder:FALSE; OC:Approved Drug:FALSE; OC:Advanced Clinical:FALSE; OC:Phase 1 Clinical:FALSE	type 2 diabetes mellitus	0.4025225467890964	exocrine pancreatic carcinoma	0.1851595071970355	0.0		0.0	
ZDHHC7	ENSG00000153786	ok	ZDHHC7	zDHHC palmitoyltransferase 7	protein_coding	SM:Approved Drug:FALSE; SM:Advanced Clinical:FALSE; SM:Phase 1 Clinical:FALSE; SM:Structure with Ligand:FALSE; SM:High-Quality Ligand:FALSE; SM:High-Quality Pocket:FALSE; SM:Med-Quality Pocket:FALSE; SM:Druggable Family:FALSE; AB:Approved Drug:FALSE; AB:Advanced Clinical:FALSE; AB:Phase 1 Clinical:FALSE; AB:UniProt loc high conf:FALSE; AB:GO CC high conf:FALSE; AB:UniProt loc med conf:FALSE; AB:UniProt SigP or TMHMM:TRUE; AB:GO CC med conf:FALSE; AB:Human Protein Atlas loc:FALSE; PR:Approved Drug:FALSE; PR:Advanced Clinical:FALSE; PR:Phase 1 Clinical:FALSE; PR:Literature:FALSE; PR:UniProt Ubiquitination:FALSE; PR:Database Ubiquitination:TRUE; PR:Half-life Data:FALSE; PR:Small Molecule Binder:FALSE; OC:Approved Drug:FALSE; OC:Advanced Clinical:FALSE; OC:Phase 1 Clinical:FALSE	prostate carcinoma	0.4705567009204749	pancreatic neoplasm	0.0138387123365271	0.0		0.0	
LPP	ENSG00000145012	ok	LPP	LIM domain containing preferred translocation partner in lipoma	protein_coding	SM:Approved Drug:FALSE; SM:Advanced Clinical:FALSE; SM:Phase 1 Clinical:FALSE; SM:Structure with Ligand:FALSE; SM:High-Quality Ligand:FALSE; SM:High-Quality Pocket:FALSE; SM:Med-Quality Pocket:FALSE; SM:Druggable Family:FALSE; AB:Approved Drug:FALSE; AB:Advanced Clinical:FALSE; AB:Phase 1 Clinical:FALSE; AB:UniProt loc high conf:FALSE; AB:GO CC high conf:TRUE; AB:UniProt loc med conf:TRUE; AB:UniProt SigP or TMHMM:FALSE; AB:GO CC med conf:FALSE; AB:Human Protein Atlas loc:TRUE; PR:Approved Drug:FALSE; PR:Advanced Clinical:FALSE; PR:Phase 1 Clinical:FALSE; PR:Literature:FALSE; PR:UniProt Ubiquitination:TRUE; PR:Database Ubiquitination:TRUE; PR:Half-life Data:TRUE; PR:Small Molecule Binder:FALSE; OC:Approved Drug:FALSE; OC:Advanced Clinical:FALSE; OC:Phase 1 Clinical:FALSE	asthma	0.5367356860263656	pancreatic ductal adenocarcinoma	0.3711638188239219	0.0		0.0	
PLEKHA7	ENSG00000166689	ok	PLEKHA7	pleckstrin homology domain containing A7	protein_coding	SM:Approved Drug:FALSE; SM:Advanced Clinical:FALSE; SM:Phase 1 Clinical:FALSE; SM:Structure with Ligand:FALSE; SM:High-Quality Ligand:FALSE; SM:High-Quality Pocket:FALSE; SM:Med-Quality Pocket:FALSE; SM:Druggable Family:FALSE; AB:Approved Drug:FALSE; AB:Advanced Clinical:FALSE; AB:Phase 1 Clinical:FALSE; AB:UniProt loc high conf:FALSE; AB:GO CC high conf:FALSE; AB:UniProt loc med conf:FALSE; AB:UniProt SigP or TMHMM:FALSE; AB:GO CC med conf:FALSE; AB:Human Protein Atlas loc:FALSE; PR:Approved Drug:FALSE; PR:Advanced Clinical:FALSE; PR:Phase 1 Clinical:FALSE; PR:Literature:FALSE; PR:UniProt Ubiquitination:FALSE; PR:Database Ubiquitination:TRUE; PR:Half-life Data:TRUE; PR:Small Molecule Binder:FALSE; OC:Approved Drug:FALSE; OC:Advanced Clinical:FALSE; OC:Phase 1 Clinical:FALSE	glaucoma	0.4768927095251598			0.0		0.0	
DDC	ENSG00000132437	ok	DDC	dopa decarboxylase	protein_coding	SM:Approved Drug:TRUE; SM:Advanced Clinical:FALSE; SM:Phase 1 Clinical:FALSE; SM:Structure with Ligand:TRUE; SM:High-Quality Ligand:FALSE; SM:High-Quality Pocket:TRUE; SM:Med-Quality Pocket:FALSE; SM:Druggable Family:TRUE; AB:Approved Drug:FALSE; AB:Advanced Clinical:FALSE; AB:Phase 1 Clinical:FALSE; AB:UniProt loc high conf:FALSE; AB:GO CC high conf:FALSE; AB:UniProt loc med conf:FALSE; AB:UniProt SigP or TMHMM:FALSE; AB:GO CC med conf:FALSE; AB:Human Protein Atlas loc:FALSE; PR:Approved Drug:FALSE; PR:Advanced Clinical:FALSE; PR:Phase 1 Clinical:FALSE; PR:Literature:FALSE; PR:UniProt Ubiquitination:FALSE; PR:Database Ubiquitination:FALSE; PR:Half-life Data:FALSE; PR:Small Molecule Binder:FALSE; OC:Approved Drug:FALSE; OC:Advanced Clinical:FALSE; OC:Phase 1 Clinical:FALSE	aromatic L-amino acid decarboxylase deficiency	0.8368459470175835			4.0	CARBIDOPA:Parkinson disease,injury,secondary Parkinson disease,postencephalitic Parkinson disease,restless legs syndrome,motor fluctuations,functional status impairment,amblyopia,Vomiting,Nausea,time,Dyskinesia,Aphasia,stroke disorder,cocaine dependence,spinal cord injury,adrenal gland pheochromocytoma,relapse to drug use,attention deficit-hyperactivity disorder,chronic widespread pain,fibromyalgia,cocaine use disorder,oculocutaneous albinism,Familial dysautonomia,OFF time,hereditary sensory and autonomic neuropathy type 4,atrophic macular degeneration,age-related macular degeneration,wet macular degeneration,Back pain,depressive disorder,multiple sclerosis,acute post-surgical pain,Chronic pain,opioid misuse disorder,chronic back pain,Fatigue,orthostatic hypotension,parkinsonian signs,arm weakness,slow gait,multiple system atrophy - parkinsonian type,supine hypertension,Angelman syndrome,,diabetes mellitus,diabetic retinopathy,Spasticity,amyotrophic lateral sclerosis,Primary lateral sclerosis,nonarteritic anterior ischemic optic neuropathy,Stroke,response readiness,episodic memory consolidation:APPROVAL; ELADOCAGENE EXUPARVOVEC:inborn disorder of amino acid metabolism,aromatic L-amino acid decarboxylase deficiency,Parkinson disease:APPROVAL; FOSCARBIDOPA:Parkinson disease:PHASE_3; BENSERAZIDE:restless legs syndrome,motor fluctuations,Parkinson disease,sickle cell disease,beta-thalassemia intermedia,motor function impairment,Stroke:PHASE_3	0.0	
CAST	ENSG00000153113	ok	CAST	calpastatin	lncRNA		peeling skin-leukonuchia-acral punctate keratoses-cheilitis-knuckle pads syndrome	0.6879973912284965			0.0		0.0	
PSMB3	ENSG00000277791	ok	PSMB3	proteasome 20S subunit beta 3	protein_coding	SM:Approved Drug:TRUE; SM:Advanced Clinical:FALSE; SM:Phase 1 Clinical:FALSE; SM:Structure with Ligand:TRUE; SM:High-Quality Ligand:TRUE; SM:High-Quality Pocket:FALSE; SM:Med-Quality Pocket:FALSE; SM:Druggable Family:TRUE; AB:Approved Drug:FALSE; AB:Advanced Clinical:FALSE; AB:Phase 1 Clinical:FALSE; AB:UniProt loc high conf:FALSE; AB:GO CC high conf:FALSE; AB:UniProt loc med conf:FALSE; AB:UniProt SigP or TMHMM:FALSE; AB:GO CC med conf:FALSE; AB:Human Protein Atlas loc:FALSE; PR:Approved Drug:FALSE; PR:Advanced Clinical:FALSE; PR:Phase 1 Clinical:FALSE; PR:Literature:FALSE; PR:UniProt Ubiquitination:FALSE; PR:Database Ubiquitination:TRUE; PR:Half-life Data:TRUE; PR:Small Molecule Binder:TRUE; OC:Approved Drug:FALSE; OC:Advanced Clinical:FALSE; OC:Phase 1 Clinical:FALSE	plasma cell myeloma	0.6056964736181356			7.0	IXAZOMIB:plasma cell myeloma,neoplasm,systemic light chain (AL) amyloidosis,follicular lymphoma,acute myeloid leukemia,mature T-cell and NK-cell non-Hodgkin lymphoma,primary cutaneous T-cell non-Hodgkin lymphoma,Waldenstrom macroglobulinemia,plasma cell leukemia,,highly sensitized kidney transplant candidates,kidney medullary carcinoma,mantle cell lymphoma,immunoglobulin light chain amyloidosis,autoimmune hemolytic anemia,autoimmune thrombocytopenic purpura,Abnormal bone structure,Kaposi's sarcoma,systemic sclerosis,interstitial lung disease,renal cell carcinoma,lymphoplasmacytic lymphoma,marginal zone lymphoma,B-cell chronic lymphocytic leukemia,human immunodeficiency virus infection,triple-negative breast carcinoma,AL amyloidosis,lymphoblastic lymphoma,acute lymphoblastic leukemia,non-Hodgkin lymphoma,myelodysplastic syndrome,acute myeloid leukemia by FAB classification,nonhematologic malignancies,lymphoma,cancer,advanced solid tumor,solid tumor,hematopoietic and lymphoid cell neoplasm,lupus nephritis,breast cancer,mixed phenotype acute leukemia,amyloid light chain amyloidosis,multiple sclerosis,Ewing sarcoma,alveolar soft part sarcoma,dedifferentiated liposarcoma,malignant peripheral nerve sheath tumor:APPROVAL; BORTEZOMIB D-MANNITOL:mantle cell lymphoma,plasma cell myeloma:APPROVAL; OPROZOMIB:Hodgkins lymphoma,haematological malignancy,hematopoietic and lymphoid cell neoplasm,plasma cell myeloma,hepatocellular carcinoma,solid tumor,advanced malignancies,solid tumour/cancer:PHASE_2; CARFILZOMIB:plasma cell myeloma,neoplasm,,Waldenstrom macroglobulinemia,smoldering plasma cell myeloma,renal cell carcinoma,clear cell renal carcinoma,mantle cell lymphoma,prostate cancer,gastrointestinal carcinoid,pancreatic neuroendocrine tumor,antibody-mediated rejection,graft versus host disease,neoplasm of mature B-cells,high antibodies,antibody mediated rejection,minimal residual disease,plasma cell leukemia,small cell lung carcinoma,lymphoma,colorectal cancer,ovarian cancer,non-small cell lung carcinoma,B-cell chronic lymphocytic leukemia,non-Hodgkin lymphoma,diffuse large B-cell lymphoma,cancer,B-cell non-Hodgkin lymphoma,T-cell non-Hodgkin lymphoma,amyloidosis,Hodgkins lymphoma,mature T-cell and NK-cell non-Hodgkin lymphoma,stage 5 chronic kidney disease,acute lymphoblastic leukemia,acute myeloid leukemia,acute leukemia,prolymphocytic leukemia,transformed mycosis fungoides,natural killer-cell lymphoma,anaplastic large cell lymphoma,angioimmunoblastic T-cell lymphoma,adult T-cell leukemia/lymphoma,peripheral T-cell lymphoma, not otherwise specified,primary cutaneous T-cell non-Hodgkin lymphoma,AL amyloidosis,diffuse B-cell lymphoma,solid tumor,solid tumors,renal carcinoma,mesothelioma,preformed anti-HLA antibodies,leukemia,breast cancer,extramedullary disease:APPROVAL; BORTEZOMIB:plasma cell myeloma,mantle cell lymphoma,non-Hodgkin lymphoma,relapsed follicular lymphoma,follicular lymphoma,systemic light-chain amyloidosis,lymphoma,myeloma cast nephropathy,kidney failure,Renal insufficiency,AL amyloidosis,activated B-cell lymphoma,diffuse large B-cell lymphoma,acute myeloid leukemia,primary cutaneous T-cell non-Hodgkin lymphoma,Waldenstrom macroglobulinemia,acute lymphoblastic leukemia,lymphoblastic lymphoma,extramedullary plasmacytoma,acute cellular rejection,amyloid light chain amyloidosis,intrahepatic cholangiocarcinoma,autoimmune thrombocytopenic purpura,T-lineage acute lymphoblastic leukemia,precursor B-cell acute lymphoblastic leukemia,amyloidosis,T-lymphoblastic lymphoma,B-lymphoblastic lymphoma,early T cell precursor leukemia,B-LLy,T/M mixed phenotype acute leukemia,acute vincristine-induced peripheral neuropathy,B-cell childhood acute lymphoblastic leukemia,T-cell acute lymphoblastic leukemia,B-cell adult acute lymphocytic leukemia,T-cell adult acute lymphocytic leukemia,T-lymphoblastic leukemia,neuroendocrine neoplasm,kidney cancer,renal cell carcinoma,malignant epithelial tumor of ovary,primary peritoneal carcinoma,ovarian carcinoma,chronic myelogenous leukemia, BCR-ABL1 positive,melanoma,renal cell adenocarcinoma,breast cancer,sarcoma,B-cell chronic lymphocytic leukemia,marginal zone lymphoma,non-small cell lung carcinoma,colorectal carcinoma,colorectal cancer,pancreatic adenocarcinoma,B-cell non-Hodgkin lymphoma,gastric adenocarcinoma,gastroesophageal junction adenocarcinoma,urothelial cancer,small cell lung carcinoma,transitional cell carcinoma of the urothelium,adenoid cystic carcinoma,hepatocellular carcinoma,myelodysplastic syndrome,acute leukemia,Hodgkins lymphoma,bile duct adenocarcinoma,gallbladder adenocarcinoma,indolent B-cell non-Hodgkin lymphoma,multicentric Castleman disease,head and neck squamous cell carcinoma,prostate cancer,thyroid gland papillary carcinoma,thyroid gland follicular carcinoma,vaginal cancer,vulva cancer,cervical cancer,adenocarcinoma,brain stem glioma,paraganglioma,bronchioloalveolar carcinoma,bronchoalveolar carcinoma,lung cancer,lung adenocarcinoma,peripheral T-cell lymphoma, not otherwise specified,indolent lymphoma,low-grade lymphoma,diffuse large cell lymphoma,extranodal marginal zone B-cell lymphoma of MALT-type,primary effusion lymphoma,exocrine pancreatic carcinoma,nasopharyngeal carcinoma,plasma cell leukemia,mediastinal large B-cell lymphoma,MALT lymphoma,acute kidney injury,graft versus host disease,malignant pancreatic neoplasm,prostate adenocarcinoma,bone marrow cancer,light-chain (AL) amyloidosis,mesothelioma,mantle cell non-Hodgkin lymphoma,indolent non-follicular lymphoma,malignant pleural mesothelioma,indolent non-Hodgkin lymphoma,ovarian cancer,malignant glioma,glioblastoma,lymphoplasmacytic lymphoma,sensitization to donor in renal transplant candidates,renal allograft rejection,primary systemic amyloidosis,T-cell non-Hodgkin lymphoma,post-transplant lymphoproliferative disease,extranodal nasal NK/T cell lymphoma,mature T-cell and NK-cell non-Hodgkin lymphoma,soft tissue sarcoma,classic Hodgkin lymphoma,smoldering plasma cell myeloma,malignant mesothelioma,gliosarcoma,low grade lymphoma,bone disease,T-cell prolymphocytic leukemia,bronchiolitis obliterans syndrome,chronic graft versus host disease,myeloma-related bone disease,human leukocyte antigen sensitization,POEMS syndrome,antibody mediated rejection,graft failure,acute rejection,cold agglutinin disorder,cold agglutinin disease,sensitization to human leukocyte antigens,plasma cell malignancy,antibody-mediated rejection,autoimmune cytopenia,acute promyelocytic leukemia,,rheumatoid arthritis,myasthenia gravis,systemic lupus erythematosus,kidney transplant rejection,pulmonary fibrosis,systemic sclerosis,myeloid neoplasm,plasma cell leukaemia,neuromyelitis optica,Opportunistic infection,acquired adult-onset immunodeficiency,immunoglobulin light chain amyloidosis,double-hit leukemia,Burkitt leukemia,double-hit lymphoma,Burkitt lymphoma,acquired hemophilia A,hematopoietic and lymphoid cell neoplasm,multicentric Castleman's disease,autoimmune encephalitis,autoimmune hemolytic anemia,Evans syndrome,pure red-cell aplasia,neoplasm of mature B-cells,chronic kidney disease,kidney disorder,solitary bone plasmacytoma,plasmacytoma,inherited blood disorders,renal injury,sickle cell disease,thalassemia,primary plasma cell leukemia,cast nephropathy,monoclonal gammopathy,systemic light chain amyloidosis,monoclonal immunoglobulin deposition disease,light chain proximal tubulopathy,cryoglobulinemic glomerulonephritis,proliferative glomerulonephritis with monoclonal immunoglobulin deposits,thrombotic microangiopathy,atypical teratoid rhabdoid tumor,light chain cast nephropathy,solid tumor,natural killer T-cell lymphoma,solid tumors,medullary thyroid gland carcinoma,adult T-cell leukemia/lymphoma,malignant colon neoplasm,neuroblastoma,cancer,desensitization,gastrointestinal malignancies,acute myeloid leukemia by FAB classification,advanced solid tumors,B-cell lymphoproliferative disorder,glioma,fallopian tube cancer,unresectable cancer,metastatic malignant neoplasm,leukemia,indolent B-cell neoplasms,advanced cancer,metastatic solid tumor,unresectable solid tumor,Myelodysplasia,rectal cancer,spindle cell neoplasm,adrenal gland cancer,malignancy of the cervix,malignancy of the head and neck,malignancy of the brain,small cell carcinoma,neuroendocrine carcinoma,solid tumor malignancies,metastatic brain tumor,head and neck cancer,neoplasm,epidermal growth factor receptor mutation-positive cancer,central nervous system neoplasm,central nervous system cancer,Kaposi's sarcoma,AIDS,advanced malignancies,B-cell low grade non-Hodgkin lymphoma,amyloid light-chain amyloidosis,myeloid leukemia,muscular dystrophy,acute graft versus host disease,advanced solid tumor,triple-negative breast carcinoma,mastocytosis,chronic myelomonocytic leukemia,myelofibrosis,hemoglobinopathy,renal transplant rejection,anti-HLA antibodies,donor specific anti human leucocyte antigen antibody titer,primary light chain amyloidosis,glomerular diseases,M-protein related cardiac disease,hematologic disorder:APPROVAL; MARIZOMIB:brain glioblastoma,glioblastoma,plasma cell myeloma,glioma,infratentorial ependymoma,supratentorial ependymoma,anaplastic ependymoma,spinal cord ependymoma,ependymoma,malignant glioma,solid tumour/cancer,solid tumor malignancies,lymphoma,solid tumors,leukemia,exocrine pancreatic carcinoma,non-small cell lung carcinoma,melanoma,grade IV malignant glioma,gliosarcoma,diffuse intrinsic pontine glioma,:PHASE_3; IXAZOMIB CITRATE:plasma cell myeloma,amyloidosis,solitary plasmacytoma of bone,smoldering plasma cell myeloma,hematopoietic and lymphoid cell neoplasm,follicular lymphoma,indolent B-cell non-Hodgkin lymphoma,chronic graft versus host disease,AL amyloidosis,urothelial cancer,lymphoid malignancies,lymphoblastic lymphoma,acute lymphoblastic leukemia,mixed phenotype acute leukemia,advanced solid tumors,solid tumor,lymphoma,POEMS syndrome:APPROVAL	3.0	CARFILZOMIB:plasma cell myeloma,neoplasm,,Waldenstrom macroglobulinemia,smoldering plasma cell myeloma,renal cell carcinoma,clear cell renal carcinoma,mantle cell lymphoma,prostate cancer,gastrointestinal carcinoid,pancreatic neuroendocrine tumor,antibody-mediated rejection,graft versus host disease,neoplasm of mature B-cells,high antibodies,antibody mediated rejection,minimal residual disease,plasma cell leukemia,small cell lung carcinoma,lymphoma,colorectal cancer,ovarian cancer,non-small cell lung carcinoma,B-cell chronic lymphocytic leukemia,non-Hodgkin lymphoma,diffuse large B-cell lymphoma,cancer,B-cell non-Hodgkin lymphoma,T-cell non-Hodgkin lymphoma,amyloidosis,Hodgkins lymphoma,mature T-cell and NK-cell non-Hodgkin lymphoma,stage 5 chronic kidney disease,acute lymphoblastic leukemia,acute myeloid leukemia,acute leukemia,prolymphocytic leukemia,transformed mycosis fungoides,natural killer-cell lymphoma,anaplastic large cell lymphoma,angioimmunoblastic T-cell lymphoma,adult T-cell leukemia/lymphoma,peripheral T-cell lymphoma, not otherwise specified,primary cutaneous T-cell non-Hodgkin lymphoma,AL amyloidosis,diffuse B-cell lymphoma,solid tumor,solid tumors,renal carcinoma,mesothelioma,preformed anti-HLA antibodies,leukemia,breast cancer,extramedullary disease:APPROVAL; BORTEZOMIB:plasma cell myeloma,mantle cell lymphoma,non-Hodgkin lymphoma,relapsed follicular lymphoma,follicular lymphoma,systemic light-chain amyloidosis,lymphoma,myeloma cast nephropathy,kidney failure,Renal insufficiency,AL amyloidosis,activated B-cell lymphoma,diffuse large B-cell lymphoma,acute myeloid leukemia,primary cutaneous T-cell non-Hodgkin lymphoma,Waldenstrom macroglobulinemia,acute lymphoblastic leukemia,lymphoblastic lymphoma,extramedullary plasmacytoma,acute cellular rejection,amyloid light chain amyloidosis,intrahepatic cholangiocarcinoma,autoimmune thrombocytopenic purpura,T-lineage acute lymphoblastic leukemia,precursor B-cell acute lymphoblastic leukemia,amyloidosis,T-lymphoblastic lymphoma,B-lymphoblastic lymphoma,early T cell precursor leukemia,B-LLy,T/M mixed phenotype acute leukemia,acute vincristine-induced peripheral neuropathy,B-cell childhood acute lymphoblastic leukemia,T-cell acute lymphoblastic leukemia,B-cell adult acute lymphocytic leukemia,T-cell adult acute lymphocytic leukemia,T-lymphoblastic leukemia,neuroendocrine neoplasm,kidney cancer,renal cell carcinoma,malignant epithelial tumor of ovary,primary peritoneal carcinoma,ovarian carcinoma,chronic myelogenous leukemia, BCR-ABL1 positive,melanoma,renal cell adenocarcinoma,breast cancer,sarcoma,B-cell chronic lymphocytic leukemia,marginal zone lymphoma,non-small cell lung carcinoma,colorectal carcinoma,colorectal cancer,pancreatic adenocarcinoma,B-cell non-Hodgkin lymphoma,gastric adenocarcinoma,gastroesophageal junction adenocarcinoma,urothelial cancer,small cell lung carcinoma,transitional cell carcinoma of the urothelium,adenoid cystic carcinoma,hepatocellular carcinoma,myelodysplastic syndrome,acute leukemia,Hodgkins lymphoma,bile duct adenocarcinoma,gallbladder adenocarcinoma,indolent B-cell non-Hodgkin lymphoma,multicentric Castleman disease,head and neck squamous cell carcinoma,prostate cancer,thyroid gland papillary carcinoma,thyroid gland follicular carcinoma,vaginal cancer,vulva cancer,cervical cancer,adenocarcinoma,brain stem glioma,paraganglioma,bronchioloalveolar carcinoma,bronchoalveolar carcinoma,lung cancer,lung adenocarcinoma,peripheral T-cell lymphoma, not otherwise specified,indolent lymphoma,low-grade lymphoma,diffuse large cell lymphoma,extranodal marginal zone B-cell lymphoma of MALT-type,primary effusion lymphoma,exocrine pancreatic carcinoma,nasopharyngeal carcinoma,plasma cell leukemia,mediastinal large B-cell lymphoma,MALT lymphoma,acute kidney injury,graft versus host disease,malignant pancreatic neoplasm,prostate adenocarcinoma,bone marrow cancer,light-chain (AL) amyloidosis,mesothelioma,mantle cell non-Hodgkin lymphoma,indolent non-follicular lymphoma,malignant pleural mesothelioma,indolent non-Hodgkin lymphoma,ovarian cancer,malignant glioma,glioblastoma,lymphoplasmacytic lymphoma,sensitization to donor in renal transplant candidates,renal allograft rejection,primary systemic amyloidosis,T-cell non-Hodgkin lymphoma,post-transplant lymphoproliferative disease,extranodal nasal NK/T cell lymphoma,mature T-cell and NK-cell non-Hodgkin lymphoma,soft tissue sarcoma,classic Hodgkin lymphoma,smoldering plasma cell myeloma,malignant mesothelioma,gliosarcoma,low grade lymphoma,bone disease,T-cell prolymphocytic leukemia,bronchiolitis obliterans syndrome,chronic graft versus host disease,myeloma-related bone disease,human leukocyte antigen sensitization,POEMS syndrome,antibody mediated rejection,graft failure,acute rejection,cold agglutinin disorder,cold agglutinin disease,sensitization to human leukocyte antigens,plasma cell malignancy,antibody-mediated rejection,autoimmune cytopenia,acute promyelocytic leukemia,,rheumatoid arthritis,myasthenia gravis,systemic lupus erythematosus,kidney transplant rejection,pulmonary fibrosis,systemic sclerosis,myeloid neoplasm,plasma cell leukaemia,neuromyelitis optica,Opportunistic infection,acquired adult-onset immunodeficiency,immunoglobulin light chain amyloidosis,double-hit leukemia,Burkitt leukemia,double-hit lymphoma,Burkitt lymphoma,acquired hemophilia A,hematopoietic and lymphoid cell neoplasm,multicentric Castleman's disease,autoimmune encephalitis,autoimmune hemolytic anemia,Evans syndrome,pure red-cell aplasia,neoplasm of mature B-cells,chronic kidney disease,kidney disorder,solitary bone plasmacytoma,plasmacytoma,inherited blood disorders,renal injury,sickle cell disease,thalassemia,primary plasma cell leukemia,cast nephropathy,monoclonal gammopathy,systemic light chain amyloidosis,monoclonal immunoglobulin deposition disease,light chain proximal tubulopathy,cryoglobulinemic glomerulonephritis,proliferative glomerulonephritis with monoclonal immunoglobulin deposits,thrombotic microangiopathy,atypical teratoid rhabdoid tumor,light chain cast nephropathy,solid tumor,natural killer T-cell lymphoma,solid tumors,medullary thyroid gland carcinoma,adult T-cell leukemia/lymphoma,malignant colon neoplasm,neuroblastoma,cancer,desensitization,gastrointestinal malignancies,acute myeloid leukemia by FAB classification,advanced solid tumors,B-cell lymphoproliferative disorder,glioma,fallopian tube cancer,unresectable cancer,metastatic malignant neoplasm,leukemia,indolent B-cell neoplasms,advanced cancer,metastatic solid tumor,unresectable solid tumor,Myelodysplasia,rectal cancer,spindle cell neoplasm,adrenal gland cancer,malignancy of the cervix,malignancy of the head and neck,malignancy of the brain,small cell carcinoma,neuroendocrine carcinoma,solid tumor malignancies,metastatic brain tumor,head and neck cancer,neoplasm,epidermal growth factor receptor mutation-positive cancer,central nervous system neoplasm,central nervous system cancer,Kaposi's sarcoma,AIDS,advanced malignancies,B-cell low grade non-Hodgkin lymphoma,amyloid light-chain amyloidosis,myeloid leukemia,muscular dystrophy,acute graft versus host disease,advanced solid tumor,triple-negative breast carcinoma,mastocytosis,chronic myelomonocytic leukemia,myelofibrosis,hemoglobinopathy,renal transplant rejection,anti-HLA antibodies,donor specific anti human leucocyte antigen antibody titer,primary light chain amyloidosis,glomerular diseases,M-protein related cardiac disease,hematologic disorder:APPROVAL; MARIZOMIB:brain glioblastoma,glioblastoma,plasma cell myeloma,glioma,infratentorial ependymoma,supratentorial ependymoma,anaplastic ependymoma,spinal cord ependymoma,ependymoma,malignant glioma,solid tumour/cancer,solid tumor malignancies,lymphoma,solid tumors,leukemia,exocrine pancreatic carcinoma,non-small cell lung carcinoma,melanoma,grade IV malignant glioma,gliosarcoma,diffuse intrinsic pontine glioma,:PHASE_3
PRIM2	ENSG00000146143	ok	PRIM2	DNA primase subunit 2	protein_coding	SM:Approved Drug:TRUE; SM:Advanced Clinical:FALSE; SM:Phase 1 Clinical:FALSE; SM:Structure with Ligand:TRUE; SM:High-Quality Ligand:FALSE; SM:High-Quality Pocket:FALSE; SM:Med-Quality Pocket:FALSE; SM:Druggable Family:FALSE; AB:Approved Drug:FALSE; AB:Advanced Clinical:FALSE; AB:Phase 1 Clinical:FALSE; AB:UniProt loc high conf:FALSE; AB:GO CC high conf:FALSE; AB:UniProt loc med conf:FALSE; AB:UniProt SigP or TMHMM:FALSE; AB:GO CC med conf:FALSE; AB:Human Protein Atlas loc:FALSE; PR:Approved Drug:FALSE; PR:Advanced Clinical:FALSE; PR:Phase 1 Clinical:FALSE; PR:Literature:FALSE; PR:UniProt Ubiquitination:FALSE; PR:Database Ubiquitination:TRUE; PR:Half-life Data:TRUE; PR:Small Molecule Binder:FALSE; OC:Approved Drug:FALSE; OC:Advanced Clinical:FALSE; OC:Phase 1 Clinical:FALSE	acute lymphoblastic leukemia	0.5966537465435218	exocrine pancreatic carcinoma	0.5783575406234277	7.0	GEMCITABINE HYDROCHLORIDE:non-small cell lung carcinoma,exocrine pancreatic carcinoma,ovarian carcinoma,breast carcinoma,breast cancer,ovarian cancer,ovarian epithelial carcinoma,bladder transitional cell carcinoma,pancreatic adenocarcinoma,biliary tract tumors,cholangiocarcinoma,superficial transitional cell cancer of the bladder,superficial bladder cancer,primary peritoneal carcinoma,fallopian tube cancer,malignant epithelial tumor of ovary,biliary cancer,biliary tract cancer,Hodgkins lymphoma,transitional cell carcinoma,urothelial carcinoma,leiomyosarcoma,leiomyosarcoma of the corpus uteri,adenocarcinoma of the head of pancreas,malignant pancreatic neoplasm,triple-negative breast carcinoma,incidental gallbladder cancer,gallbladder cancer,extrahepatic cholangiocarcinoma,intrahepatic cholangiocarcinoma,gallbladder carcinoma,urothelial cancer,nasopharyngeal carcinoma,upper tract urothelial cancer,renal cell adenocarcinoma,chronic myelogenous leukemia, BCR-ABL1 positive,hepatocellular carcinoma,non-squamous cell carcinoma of the cervix,colorectal cancer,adenoid cystic carcinoma of the head and neck,liver cancer,peritoneal mesothelioma,transitional cell carcinoma of the urothelium,pleural mesothelioma,uterine cancer,peritoneum cancer,lymphoid malignancies,malignant pleural mesothelioma,urinary bladder cancer,prostate cancer,renal cell carcinoma,adenocarcinoma,cancer of unknown primary site,venous thromboembolism,cervical cancer,endometrial cancer,primary cutaneous T-cell non-Hodgkin lymphoma,endometrium adenocarcinoma,diffuse large B-cell lymphoma,urothelial cell cancer,non-Hodgkin lymphoma,urothelial carcinoma of the urethra,ureter urothelial carcinoma,plasma cell myeloma,pancreatic ductal adenocarcinoma,cancer,high grade double-hit lymphoma,clonal cytopenia of undetermined significance,mature T-cell and NK-cell non-Hodgkin lymphoma,acute monocytic leukemia,juvenile myelomonocytic leukemia,leukemia,chronic myelomonocytic leukemia,solid tumor,non-muscle invasive bladder cancer,tumor of salivary gland,urinary bladder carcinoma,renal pelvis/ureter urothelial carcinoma,uterine corpus sarcoma,biliary obstruction,recurrent cancer,refractory malignant neoplasm,metastatic malignant neoplasm,Waldenstrom macroglobulinemia,peripheral T-cell lymphoma, not otherwise specified,neoplasm of mature B-cells,liver metastases,gastrointestinal cancer,advanced cancer,solid tumors,solid tumor malignancies,lymphoma,periampullary region cancer,upper gastrointestinal cancer,duodenum cancer,carcinoma of the ampulla of vater,solid malignancies,biliary tract adenocarcinoma,cytomegalovirus retinitis,brain metastases:APPROVAL; TROXACITABINE:solid tumour/cancer,chronic myelogenous leukemia, BCR-ABL1 positive,acute myeloid leukemia,lymphoproliferative diseases:PHASE_2; GEMCITABINE:solid tumour/cancer,gastric motility disorder,non-small cell lung carcinoma,neoplasm,non-muscle invasive bladder cancer,bronchitis,pancreatic adenocarcinoma,exocrine pancreatic carcinoma,malignant pancreatic neoplasm,malignant epithelial tumor of ovary,ovarian carcinoma,primary peritoneal carcinoma,transitional cell carcinoma of the urothelium,urinary tract cancer,breast cancer,fallopian tube cancer,urinary bladder cancer,cervical cancer,metastatic pancreatic cancer,locally advanced pancreatic cancer,ampullary malignancy,cervical carcinoma,non-Hodgkin lymphoma,ovarian cancer,carcinoma of unknown primary,soft tissue sarcoma,tumor progression,bladder transitional cell carcinoma,non-muscle-invasive bladder cancer,fallopian tube carcinoma,carcinoma of unknown primary site,malignant colon neoplasm,nasopharyngeal carcinoma,epithelial ovarian carcinoma,urothelial tract cancer,urinary bladder carcinoma,lung cancer,pancreatic ductal adenocarcinoma,lung adenocarcinoma,biliary tract carcinoma,chronic inflammatory bronchitis,acute upper respiratory tract infection,hepatocellular carcinoma,pulmonary adenocarcinoma,mature T-cell and NK-cell non-Hodgkin lymphoma,cancer,undifferentiated pleomorphic sarcoma,myxoid liposarcoma,synovial sarcoma,malignant peripheral nerve sheath tumor,leiomyosarcoma,locoregional recurrence,distant metastasis,transitional cell cancer of the bladder,muscle-invasive urothelial carcinoma,peritoneal carcinoma,urothelial carcinoma of the upper urinary tract,extranodal natural killer T-cell lymphoma,muscle invasive gallbladder carcinoma,cholangiocarcinoma,biliary tract cancer,squamous cell lung carcinoma,extranodal natural killer/T-cell lymphoma,non-small cell squamous lung carcinoma,intrahepatic cholangiocarcinoma,malignant pleural effusion,diffuse large B-cell lymphoma,extrahepatic cholangiocarcinoma,gallbladder carcinoma,urothelial carcinoma,triple-negative breast carcinoma,malignant pleural mesothelioma,hepatoblastoma,urogenital neoplasm,intra-hepatic cholangiocarcinoma,pancreatic cystic neoplasms,Pancreatic cysts,local progression,unresectable tumor,follicular helper T-cell lymphoma,angioimmunoblastic T-cell lymphoma,peritoneum cancer,aggressive NK leukaemia,extranodal NK/T cell lymphoma,muscle-invasive bladder cancer,carcinoma of the ampulla of vater,gallbladder cancer,invasive ductal breast carcinoma,extranodal natural killer/T-cell lymphoma, nasal type,upper tract urothelial cancer,muscle-invasive urothelial carcinoma of the bladder,extra-nodal NK/T cell lymphoma,extranodal nasal NK/T cell lymphoma,classic Hodgkin lymphoma,in situ carcinoma,papillary carcinoma,bone metastasis,nodal T cell lymphoma,papillary urothelial carcinoma,ampulla of vater adenocarcinoma,osteosarcoma,extranodal natural-killer T-cell lymphoma,muscle invasive bladder cancer,diabetes mellitus,event-free survival,recurrence,transitional cell cancer of the urothelium,pancreatic head adenocarcinoma,transitional cell carcinoma,Anxiety,depressive disorder,urothelial cancer,bile duct neoplasm,B-cell non-Hodgkin lymphoma,liver metastases,ductal breast carcinoma in situ,head and neck squamous cell carcinoma,distal cholangiocarcinoma,hilar cholangiocarcinoma,Cachexia,plasma cell myeloma,germ cell tumor,mesothelioma,salivary gland cancer,advanced pancreatic carcinoma,renal cell carcinoma,B-cell chronic lymphocytic leukemia,urothelial cancers,small cell lung carcinoma,acute myeloid leukemia,acute lymphoblastic leukemia,cervical squamous cell carcinoma,biliary adenocarcinoma,gastroesophageal junction cancer,esophageal cancer,Hodgkins lymphoma,malignant mesothelioma,carcinoma of the urothelial tract,carcinoma of the urothelium,tumors of mixed mullerian origin,fallopian cancer,carcinoma,sarcomatoid features,bile duct cancer,Ewing sarcoma,chondrosarcoma,adenocarcinoma of the biliary tract,gallbladder adenocarcinoma,adenocarcinoma of the urothelium,adenocarcinoma of the urachal remnant,peripheral T-cell non-Hodgkin lymphoma,uterine carcinosarcoma,tubal carcinoma,colorectal cancer,lymphoma,melanoma,gastric cancer,neuroendocrine carcinoma,germ cell carcinoma,testicular cancer,adenocarcinoma,transitional cell carcinoma of urothelium,advanced colorectal cancer,carcinoma of the biliary tract,squamous cell carcinoma of penis,soft tissue leiomyosarcoma,leiomyosarcoma of the corpus uteri,mantle cell lymphoma,transitional cell cancer,head and neck cancer,non-small cell bronchopulmonary cancer,neoplasm of mature B-cells,gastrointestinal stromal tumor,endometrial cancer,solid tumors,mullerian carcinoma,non-resectable non-small-cell lung cancer,carcinosarcoma,brain metastasis,renal cell adenocarcinoma,superficial bladder cancer,biliary tract adenocarcinoma,biliary cancer,nasopharyngeal neoplasm,peripheral T-cell lymphoma, not otherwise specified,bile duct carcinoma,bone sarcoma,malignant peritoneal mesothelioma,sarcoma,adenocarcinoma of the biliary ducts,metastatic pancreatic adenocarcinoma,renal pelvis/ureter urothelial carcinoma,intracranial germ cell tumor,leukemia,esophageal squamous cell carcinoma,mucinous cystic neoplasm,pancreatic intraductal papillary-mucinous neoplasm,prostate cancer,urothelial cell cancer,amyloidosis,POEMS syndrome,vulvar squamous cell carcinoma,solid cancer,colorectal adenocarcinoma,biliary tract neoplasm,anaplastic large cell lymphoma,hepatosplenic T-cell lymphoma,enteropathy-associated T-cell lymphoma,metastatic pancreatic ductal adenocarcinoma,T-cell non-Hodgkin lymphoma,collecting duct carcinoma,pulmonary metastases,medulloblastoma,natural killer/T cell lymphoma,brain metastases,disease progression,resectable pancreatic cancer,triple negative metastatic breast cancer,early stage extranodal natural killer/T-cell lymphoma,kidney medullary carcinoma,differentiated thyroid carcinoma,thyroid cancer,high grade neuroendocrine tumors,small cell carcinoma,cancer of unknown primary,ductal adenocarcinoma of the ampulla,testicular germ cell tumor,rectal cancer,rhabdomyosarcoma,extra-hepatic disease,liver cancer,kidney disorder,Ureteral obstruction,immunosuppression,cholangio carcinoma,extrahepatic bile duct carcinoma,poorly differentiated carcinoma,urothelial muscle invasive bladder cancer,kidney cancer,glioblastoma,neuroblastoma,colorectal carcinoma,liposarcoma,gastroesophageal adenocarcinoma,upper urinary urothelial carcinoma,biliary tract tumors,nodal lymphoma of T follicular helper cell origin,pulmonary lymphoepithelioma-like carcinoma,natural killer/T-cell lymphoma,hemophagocytic syndrome,pancreatic neoplasm,metastatic breast cancer,muscle invasive bladder urothelial cancer,papillary disease,Sezary syndrome,mycosis fungoides,cancer recurrence,adult T-cell leukemia/lymphoma,perihilar bile duct cancer,desmoplastic small round cell tumor,pancreatic cancer peritoneal metastases,advanced urothelium cancer,borderline resectable pancreatic cancer,biliary tumors,gastroesophageal cancer,large B-cell lymphoma,digestive tract tumor,gastro-intestinal cancer,biliary tract malignancies,,gastric esophageal cancer,olfactory neuroblastoma,extrahepatic biliary tract cancer,liver metastasis,pleural mesothelioma,malignant solid tumor,yolk sac tumor,rare tumours,thyroid gland undifferentiated (anaplastic) carcinoma,poorly differentiated thyroid gland carcinoma,upper urinary tract urothelial carcinoma,extranodal NK/T-cell lymphoma,non-muscle invasive papillary bladder cancer,combined hepatocellular-cholangiocarcinoma,recurrent intrahepatic cholangiocarcinoma,primary central nervous system lymphoma,low grade bladder cancer,extramammary PAGET's disease of the scrotum,advanced urothelial carcinoma,urinary sarcoma,bladder urachal carcinoma,adrenal cortex carcinoma,pheochromocytoma,oesophageal cancer,gastro-oesophageal junction adenocarcinoma,gastric adenocarcinoma,diffuse pleural mesothelioma,squamous carcinoma of the lung,atypical teratoid rhabdoid tumor,gastroesophageal junction adenocarcinoma,solid tumor,genital herpes,pancreatic lesions,solid tumours,solid malignancies,bladder carcinoma in situ,advanced solid tumors,B-cell cancer,transitional cell bladder cancer,malignant neoplasm of liver metastases,follicular lymphoma,advanced malignancies,hematopoietic and lymphoid cell neoplasm,anogenital cancer,high-grade serous ovarian cancer,peritoneal metastases of colorectal cancer,indolent lymphoma,unresectable cancer,metastatic malignant neoplasm,locally advanced or metastatic urothelial cancer,non-muscle invasive urothelial carcinoma of the bladder,hormone receptor-positive breast cancer,HER2 positive breast carcinoma,metastatic soft tissue sarcoma,gastrointestinal malignancies,IDH1 mutant solid tumors,hepatobiliary neoplasm,glioma,natural killer T-cell lymphoma,high grade serous ovarian carcinoma,HER2-positive advanced biliary system tumors,HER2-positive advanced solid tumors,non-rhabdomyosarcoma soft tissue sarcoma,malignant solid tumors,dedifferentiated liposarcoma,high-grade serous epithelial ovarian cancer,advanced solid malignancies,KRAS G12D mutation,digestive system neoplasm,advanced solid tumours,ovarian epithelial carcinoma,epithelial cancer,neoplastic meningitis,advanced cancer,metastatic solid tumors,adenocarcinoma of the exocrine pancreas,epithelial solid tumors,advanced solid tumor,lymphoid malignancies,pancreaticobiliary cancer,systemic anaplastic large cell lymphoma,solid malignancy,solid tumor malignancy,solid tumor cancer,metastatic melanoma,solid tumour,endometrial carcinoma,breast carcinoma,aggressive histology lymphoma,advanced cancer metastatic to the liver,lung carcinoma,peritoneal papillary carcinoma,advanced urothelial cancer,uveal melanoma with liver metastasis,rectum adenocarcinoma,colon adenocarcinoma,asymptomatic brain metastases,advanced solid malignancy,female reproductive organ cancer,uveal melanoma,basal cell carcinoma,non-muscle-invasive urothelial carcinoma of the bladder,high grade neuroendocrine tumor,neuroendocrine neoplasm,digestive system carcinoma,head and neck squamous cell cancer,grade 4 glioma,pancreatic ductal cancer,malignant glioma,central nervous system embryonal neoplasm,ependymoma,sarcomatoid differentiation,high grade B-cell lymphoma,alveolar soft part sarcoma,peritoneal metastases,gastric neoplasm,diffuse intrinsic pontine glioma,diffuse midline glioma,nephritis,Cough,inflammation,asthma,genitourinary disease,middle east respiratory syndrome (mers),severe acute respiratory syndrome (sars),cytomegalovirus retinitis,periampullary adenocarcinoma,gastric carcinoma,intravesical recurrence,digestive system malignancies,BCG unresponsive bladder cancer:APPROVAL; CLOFARABINE:acute lymphoblastic leukemia,acute lymphoblastic leukaemia,myelodysplastic syndrome,precursor cell lymphoblastic leukemia-lymphoma,neoplasm,acute myeloid leukemia,T-cell acute lymphoblastic leukemia,precursor B-cell acute lymphoblastic leukemia,B-lymphoblastic lymphoma,early T cell precursor leukemia,B-LLy,T/M mixed phenotype acute leukemia,acute vincristine-induced peripheral neuropathy,B-cell childhood acute lymphoblastic leukemia,B-cell adult acute lymphocytic leukemia,T-lymphoblastic lymphoma,T-cell adult acute lymphocytic leukemia,high-grade myelodysplastic syndromes,chronic myelogenous leukemia, BCR-ABL1 positive,non-Hodgkin lymphoma,plasma cell myeloma,GM1 gangliosidosis,mucopolysaccharidosis type 3,adrenoleukodystrophy,metachromatic leukodystrophy,Tay-Sachs disease,mucopolysaccharidosis type 3A,Sandhoff disease,mucolipidosis type II,Krabbe disease,graft failure,cancer,anemia,osteopetrosis,myeloproliferative diseases,acute leukemia,leukemia,high risk malignancies,minimal residual disease,biphenotypic leukemia,lymphoma,myeloproliferative neoplasm,hematopoietic and lymphoid cell neoplasm,hematologic disorder,lymphoblastic lymphoma,hematopoietic cell transplantation,graft versus host disease,Langerhans cell histiocytosis,Myelodysplasia,chronic myelomonocytic leukemia,mixed phenotype acute leukemia,histiocytic disorders,double-hit leukemia,Burkitt leukemia,double-hit lymphoma,Burkitt lymphoma,non-malignant disorders,natural killer-cell lymphoma,T-cell non-Hodgkin lymphoma,B-cell chronic lymphocytic leukemia,Hodgkins lymphoma,high grade non-Hodgkin lymphoma,Crohn disease,urothelial carcinoma,solid tumor,advanced solid tumors,myeloproliferative disorder,juvenile myelomonocytic leukemia,lymphoid malignancies,infantile leukemia,acute promyelocytic leukemia,bilineage leukemia,solid tumors,solid tumour/cancer,lysosomal storage disease,peroxisomal disease:APPROVAL; ASPACYTARABINE:acute myeloid leukemia by FAB classification,acute myeloid leukemia,myelodysplastic syndrome,acute lymphoblastic leukemia:PHASE_2; CYTARABINE:acute lymphoblastic leukemia,acute myeloid leukemia,,leptomeningeal metastasis,lymphoid leukemia,acute lymphoblastic leukaemia,tumor of meninges,neoplasm,acute myeloid leukemia by FAB classification,non-Hodgkin lymphoma,Philadelphia chromosome-positive acute lymphoblastic leukemia,myelodysplastic syndrome,anaplastic large cell lymphoma,diffuse large B-cell lymphoma,reticulum cell sarcoma,high-risk myelodysplastic syndrome,lymphoblastic lymphoma,acute promyelocytic leukemia,chronic myelogenous leukemia, BCR-ABL1 positive,intermediate-grade lymphoma,immunoblastic lymphoma,transient myeloproliferative syndrome,pre-B cell non-Hodgkin lymphoma,T-cell non-Hodgkin lymphoma,lymphoblastic non-Hodgkin lymphoma,follicular lymphoma,precursor B-cell acute lymphoblastic leukemia,mantle cell lymphoma,Hodgkins lymphoma,refractory anemia with excess blasts in transformation,high-risk refractory anemia with excess blasts,plasma cell myeloma,myelodysplastic syndrome with excess blasts,Myelodysplasia,secondary hematologic malignancies,precursor B-cell lymphoblastic lymphoma,T-cell lymphoblastic lymphoma,classic Hodgkin lymphoma,early T cell progenitor acute lymphoblastic leukemia,melanoma,central nervous system relapse,T-cell acute lymphoblastic leukemia,B-lineage lymphoblastic lymphoma,leukemia,lymphoblastic non-Hodgkin's lymphoma,breast cancer,B-cell acute lymphoblastic leukemia,diffuse large B-cell non-Hodgkin lymphoma,primary central nervous system lymphoma,Langerhans cell histiocytosis,B-precursor acute lymphoblastic leukemia,B-precursor lymphoblastic lymphoma,high-grade B-cell lymphoma not otherwise specified,high-grade B-cell lymphoma double-hit,T-lineage acute lymphoblastic leukemia,b-lymphoblastic leukemia,b-lymphoblastic lymphoma,acute leukemia,multisystem Langerhans cell histiocytosis,refractory multisystem Langerhans cell histiocytosis,peripheral T-cell lymphoma, not otherwise specified,T-lymphoblastic lymphoma,mature T-cell and NK-cell non-Hodgkin lymphoma,diffuse large B-cell lymphoma of the central nervous system,Down syndrome,T-cell adult acute lymphocytic leukemia,very aggressive lymphoma,graft versus host disease,B-lymphoblastic lymphoma,early T cell precursor leukemia,B-LLy,T/M mixed phenotype acute leukemia,acute vincristine-induced peripheral neuropathy,B-cell childhood acute lymphoblastic leukemia,B-cell adult acute lymphocytic leukemia,lymphoma,t-lymphoblastic leukemia,acute monocytic leukemia,T-lymphoblastic leukemia,B-cell non-Hodgkin lymphoma,progressive multifocal leukoencephalopathy,chronic leukemia,Lymphoma, AIDS-Related,T-large cell lymphoma,central nervous system disorder,posttransplant lymphoproliferative disorder,central nervous system non-hodgkin lymphoma,aplastic anemia,systemic lupus erythematosus,myelofibrosis,diffuse non-Hodgkin's lymphoma,juvenile myelomonocytic leukemia,Burkitt leukemia,Burkitt lymphoma,burkitt leukemia,hematopoietic and lymphoid cell neoplasm,high-grade myelodysplastic syndromes,intraocular lymphoma,atypical teratoid rhabdoid tumor,B-cell chronic lymphocytic leukemia,graft failure,disease recurrence,multiple sclerosis,transplant failure,Ewing sarcoma,prostate cancer,idiopathic hypereosinophilic syndrome,lymphomatous meningitis,leukemic meningitis,lymphoid malignancies,primary non-Hodgkin lymphoma of the CNS,enteropathy-associated T-cell lymphoma,small non-cleaved cell B-cell lymphoma,small non-cleaved cell B-cell leukemia,burkitt's leukemia,autoimmune disorder of the nervous system,Waldenstrom macroglobulinemia,therapy related acute myeloid leukemia and myelodysplastic syndrome,acute leukemia of ambiguous lineage,minimal residual disease,myeloproliferative neoplasm,medulloblastoma,ependymoma,primary central nervous system B-cell lymphoma,mature B-cell lymphoma,myeloproliferative disorder,myeloid leukemia,mixed phenotype acute leukemia,FLT3-TKD mutant acute myeloid leukemia,FLT3-ITD mutant acute myeloid leukemia,solid tumor,myeloid neoplasm,treatment-related myeloid neoplasm,myeloid sarcoma,chronic myelomonocytic leukemia,high grade double-hit lymphoma,clonal cytopenia of undetermined significance,aggressive B-cell lymphoma,secondary central nervous system lymphoma,high-grade myeloid neoplasm,CD4+/CD56+ hematodermic neoplasm,myelodysplastic syndrome related changes,high-grade myeloid neoplasms,measurable residual disease,therapy-related acute myeloid leukemia,myelodysplastic/myeloproliferative neoplasm,cancer,allogeneic hematopoietic stem cell transplantation recurrence,large B-cell lymphoma,Philadelphia chromosome positive acute lymphoblastic leukemia,Richter syndrome,prolymphocytic leukemia,glioblastoma,refractory acute myeloid leukemia,relapsed acute myeloid leukemia,aggressive lymphomas,human immunodeficiency virus infection,sarcoma,glioma,neuroblastoma,solid tumors,B-cell malignancies,aseptic meningitis,infantile leukemia,b-cell malignancies,granulocytic sarcoma,cancer-induced bone disease,neoplasm of mature B-cells,acute myeloid leukemia with myelodysplastic syndrome-related changes,brain neoplasm,central nervous system embryonal brain tumors,acute leukaemia,neoplastic meningitis,limited stage non-hodgkin lymphoma,primary tumor,retinoblastoma,peripheral T-cell non-Hodgkin lymphoma,biphenotypic leukemia,blood cell disorder,sickle cell disease:APPROVAL; FLUDARABINE PHOSPHATE:,B-cell chronic lymphocytic leukemia,neoplasm,acute myeloid leukemia,follicular lymphoma,hematopoietic and lymphoid cell neoplasm,myelodysplastic syndrome,indolent non-Hodgkin lymphoma,splenic lymphoma with villous lymphocytes,Waldenstrom macroglobulinemia,lymphoplasmacytic lymphoma,aplastic anemia,Bone marrow hypocellularity,non-Hodgkin lymphoma,chronic myelogenous leukemia, BCR-ABL1 positive,acute lymphoblastic leukemia,cervical carcinoma,vaginal carcinoma,plasma cell myeloma,breast cancer,juvenile myelomonocytic leukemia,renal cell carcinoma,Hodgkins lymphoma,nonmalignant hematologic disorders,lymphoma,leukemia,small lymphocytic leukemia,melanoma,genetic metabolic disorders,cancer,hematologic disorder,indolent b-nhl,diffuse large B-cell lymphoma,B-cell non-Hodgkin lymphoma,Fanconi anemia,prolymphocytic leukemia,graft failure,disease recurrence,graft versus host disease,marrow failure syndromes,severe immunodeficiency syndromes,stem cell defects,hemoglobinopathy,myeloid leukemia,relapsed indolent B-cell non-Hodgkin lymphoma,indolent lymphoma,myeloid neoplasm,primary immunodeficiency disorders,nonmalignant inherited disorders,myeloproliferative disorder,chronic myelomonocytic leukemia,renal cell adenocarcinoma,metastatic melanoma,inborn error of immunity,Langerhans cell histiocytosis,acute leukemia,fallopian tube cancer,ovarian cancer,primary peritoneal carcinoma,metastatic malignant neoplasm,kidney cancer,myeloproliferative syndromes,myeloproliferative syndrome,lymphoproliferative malignancies,neuroblastoma,bone marrow failure syndrome,inborn errors of metabolism,systemic sclerosis,Myelodysplasia,Crohn disease,sarcoma,myelofibrosis,myeloproliferative disease,hematopoietic and lymphoid system neoplasm,immune dysregulatory disorders,hemophagocytic syndrome,acute leukemia of ambiguous lineage,mixed phenotype acute leukemia,autoimmune thrombocytopenic purpura,autoimmune hemolytic anemia,minimal residual disease,sarcoidosis,metastatic breast cancer,lymphoid malignancies,lymphoid leukemia,head and neck cancer,head and neck squamous cell carcinoma,t-cell malignancies,mantle cell lymphoma,lupus nephritis,systemic lupus erythematosus,solid tumour/cancer,testicular neoplasm,small cell lung carcinoma,malignant testicular germ cell tumor,indolent B-cell lymphoproliferative disorders,lymphoblastic lymphoma,myelodysplastic syndrome with excess blasts,immunodeficiency disease,prostate adenocarcinoma,carcinoembryonic antigen positive tumors,plasma cell leukemia,B-cell prolymphocytic leukemia,Sezary syndrome,mycosis fungoides,solid tumors,high grade central nervous system malignancies,colorectal cancer,non-small cell lung carcinoma,myxoid/round cell liposarcoma,synovial sarcoma,T-cell acute lymphoblastic lymphoma,T-cell acute lymphoblastic leukemia,recessive dystrophic epidermolysis bullosa,recurrent or metastatic solid tumor,bone marrow failure disorders,primary immune deficiencies:APPROVAL	2.0	GEMCITABINE HYDROCHLORIDE:non-small cell lung carcinoma,exocrine pancreatic carcinoma,ovarian carcinoma,breast carcinoma,breast cancer,ovarian cancer,ovarian epithelial carcinoma,bladder transitional cell carcinoma,pancreatic adenocarcinoma,biliary tract tumors,cholangiocarcinoma,superficial transitional cell cancer of the bladder,superficial bladder cancer,primary peritoneal carcinoma,fallopian tube cancer,malignant epithelial tumor of ovary,biliary cancer,biliary tract cancer,Hodgkins lymphoma,transitional cell carcinoma,urothelial carcinoma,leiomyosarcoma,leiomyosarcoma of the corpus uteri,adenocarcinoma of the head of pancreas,malignant pancreatic neoplasm,triple-negative breast carcinoma,incidental gallbladder cancer,gallbladder cancer,extrahepatic cholangiocarcinoma,intrahepatic cholangiocarcinoma,gallbladder carcinoma,urothelial cancer,nasopharyngeal carcinoma,upper tract urothelial cancer,renal cell adenocarcinoma,chronic myelogenous leukemia, BCR-ABL1 positive,hepatocellular carcinoma,non-squamous cell carcinoma of the cervix,colorectal cancer,adenoid cystic carcinoma of the head and neck,liver cancer,peritoneal mesothelioma,transitional cell carcinoma of the urothelium,pleural mesothelioma,uterine cancer,peritoneum cancer,lymphoid malignancies,malignant pleural mesothelioma,urinary bladder cancer,prostate cancer,renal cell carcinoma,adenocarcinoma,cancer of unknown primary site,venous thromboembolism,cervical cancer,endometrial cancer,primary cutaneous T-cell non-Hodgkin lymphoma,endometrium adenocarcinoma,diffuse large B-cell lymphoma,urothelial cell cancer,non-Hodgkin lymphoma,urothelial carcinoma of the urethra,ureter urothelial carcinoma,plasma cell myeloma,pancreatic ductal adenocarcinoma,cancer,high grade double-hit lymphoma,clonal cytopenia of undetermined significance,mature T-cell and NK-cell non-Hodgkin lymphoma,acute monocytic leukemia,juvenile myelomonocytic leukemia,leukemia,chronic myelomonocytic leukemia,solid tumor,non-muscle invasive bladder cancer,tumor of salivary gland,urinary bladder carcinoma,renal pelvis/ureter urothelial carcinoma,uterine corpus sarcoma,biliary obstruction,recurrent cancer,refractory malignant neoplasm,metastatic malignant neoplasm,Waldenstrom macroglobulinemia,peripheral T-cell lymphoma, not otherwise specified,neoplasm of mature B-cells,liver metastases,gastrointestinal cancer,advanced cancer,solid tumors,solid tumor malignancies,lymphoma,periampullary region cancer,upper gastrointestinal cancer,duodenum cancer,carcinoma of the ampulla of vater,solid malignancies,biliary tract adenocarcinoma,cytomegalovirus retinitis,brain metastases:APPROVAL; GEMCITABINE:solid tumour/cancer,gastric motility disorder,non-small cell lung carcinoma,neoplasm,non-muscle invasive bladder cancer,bronchitis,pancreatic adenocarcinoma,exocrine pancreatic carcinoma,malignant pancreatic neoplasm,malignant epithelial tumor of ovary,ovarian carcinoma,primary peritoneal carcinoma,transitional cell carcinoma of the urothelium,urinary tract cancer,breast cancer,fallopian tube cancer,urinary bladder cancer,cervical cancer,metastatic pancreatic cancer,locally advanced pancreatic cancer,ampullary malignancy,cervical carcinoma,non-Hodgkin lymphoma,ovarian cancer,carcinoma of unknown primary,soft tissue sarcoma,tumor progression,bladder transitional cell carcinoma,non-muscle-invasive bladder cancer,fallopian tube carcinoma,carcinoma of unknown primary site,malignant colon neoplasm,nasopharyngeal carcinoma,epithelial ovarian carcinoma,urothelial tract cancer,urinary bladder carcinoma,lung cancer,pancreatic ductal adenocarcinoma,lung adenocarcinoma,biliary tract carcinoma,chronic inflammatory bronchitis,acute upper respiratory tract infection,hepatocellular carcinoma,pulmonary adenocarcinoma,mature T-cell and NK-cell non-Hodgkin lymphoma,cancer,undifferentiated pleomorphic sarcoma,myxoid liposarcoma,synovial sarcoma,malignant peripheral nerve sheath tumor,leiomyosarcoma,locoregional recurrence,distant metastasis,transitional cell cancer of the bladder,muscle-invasive urothelial carcinoma,peritoneal carcinoma,urothelial carcinoma of the upper urinary tract,extranodal natural killer T-cell lymphoma,muscle invasive gallbladder carcinoma,cholangiocarcinoma,biliary tract cancer,squamous cell lung carcinoma,extranodal natural killer/T-cell lymphoma,non-small cell squamous lung carcinoma,intrahepatic cholangiocarcinoma,malignant pleural effusion,diffuse large B-cell lymphoma,extrahepatic cholangiocarcinoma,gallbladder carcinoma,urothelial carcinoma,triple-negative breast carcinoma,malignant pleural mesothelioma,hepatoblastoma,urogenital neoplasm,intra-hepatic cholangiocarcinoma,pancreatic cystic neoplasms,Pancreatic cysts,local progression,unresectable tumor,follicular helper T-cell lymphoma,angioimmunoblastic T-cell lymphoma,peritoneum cancer,aggressive NK leukaemia,extranodal NK/T cell lymphoma,muscle-invasive bladder cancer,carcinoma of the ampulla of vater,gallbladder cancer,invasive ductal breast carcinoma,extranodal natural killer/T-cell lymphoma, nasal type,upper tract urothelial cancer,muscle-invasive urothelial carcinoma of the bladder,extra-nodal NK/T cell lymphoma,extranodal nasal NK/T cell lymphoma,classic Hodgkin lymphoma,in situ carcinoma,papillary carcinoma,bone metastasis,nodal T cell lymphoma,papillary urothelial carcinoma,ampulla of vater adenocarcinoma,osteosarcoma,extranodal natural-killer T-cell lymphoma,muscle invasive bladder cancer,diabetes mellitus,event-free survival,recurrence,transitional cell cancer of the urothelium,pancreatic head adenocarcinoma,transitional cell carcinoma,Anxiety,depressive disorder,urothelial cancer,bile duct neoplasm,B-cell non-Hodgkin lymphoma,liver metastases,ductal breast carcinoma in situ,head and neck squamous cell carcinoma,distal cholangiocarcinoma,hilar cholangiocarcinoma,Cachexia,plasma cell myeloma,germ cell tumor,mesothelioma,salivary gland cancer,advanced pancreatic carcinoma,renal cell carcinoma,B-cell chronic lymphocytic leukemia,urothelial cancers,small cell lung carcinoma,acute myeloid leukemia,acute lymphoblastic leukemia,cervical squamous cell carcinoma,biliary adenocarcinoma,gastroesophageal junction cancer,esophageal cancer,Hodgkins lymphoma,malignant mesothelioma,carcinoma of the urothelial tract,carcinoma of the urothelium,tumors of mixed mullerian origin,fallopian cancer,carcinoma,sarcomatoid features,bile duct cancer,Ewing sarcoma,chondrosarcoma,adenocarcinoma of the biliary tract,gallbladder adenocarcinoma,adenocarcinoma of the urothelium,adenocarcinoma of the urachal remnant,peripheral T-cell non-Hodgkin lymphoma,uterine carcinosarcoma,tubal carcinoma,colorectal cancer,lymphoma,melanoma,gastric cancer,neuroendocrine carcinoma,germ cell carcinoma,testicular cancer,adenocarcinoma,transitional cell carcinoma of urothelium,advanced colorectal cancer,carcinoma of the biliary tract,squamous cell carcinoma of penis,soft tissue leiomyosarcoma,leiomyosarcoma of the corpus uteri,mantle cell lymphoma,transitional cell cancer,head and neck cancer,non-small cell bronchopulmonary cancer,neoplasm of mature B-cells,gastrointestinal stromal tumor,endometrial cancer,solid tumors,mullerian carcinoma,non-resectable non-small-cell lung cancer,carcinosarcoma,brain metastasis,renal cell adenocarcinoma,superficial bladder cancer,biliary tract adenocarcinoma,biliary cancer,nasopharyngeal neoplasm,peripheral T-cell lymphoma, not otherwise specified,bile duct carcinoma,bone sarcoma,malignant peritoneal mesothelioma,sarcoma,adenocarcinoma of the biliary ducts,metastatic pancreatic adenocarcinoma,renal pelvis/ureter urothelial carcinoma,intracranial germ cell tumor,leukemia,esophageal squamous cell carcinoma,mucinous cystic neoplasm,pancreatic intraductal papillary-mucinous neoplasm,prostate cancer,urothelial cell cancer,amyloidosis,POEMS syndrome,vulvar squamous cell carcinoma,solid cancer,colorectal adenocarcinoma,biliary tract neoplasm,anaplastic large cell lymphoma,hepatosplenic T-cell lymphoma,enteropathy-associated T-cell lymphoma,metastatic pancreatic ductal adenocarcinoma,T-cell non-Hodgkin lymphoma,collecting duct carcinoma,pulmonary metastases,medulloblastoma,natural killer/T cell lymphoma,brain metastases,disease progression,resectable pancreatic cancer,triple negative metastatic breast cancer,early stage extranodal natural killer/T-cell lymphoma,kidney medullary carcinoma,differentiated thyroid carcinoma,thyroid cancer,high grade neuroendocrine tumors,small cell carcinoma,cancer of unknown primary,ductal adenocarcinoma of the ampulla,testicular germ cell tumor,rectal cancer,rhabdomyosarcoma,extra-hepatic disease,liver cancer,kidney disorder,Ureteral obstruction,immunosuppression,cholangio carcinoma,extrahepatic bile duct carcinoma,poorly differentiated carcinoma,urothelial muscle invasive bladder cancer,kidney cancer,glioblastoma,neuroblastoma,colorectal carcinoma,liposarcoma,gastroesophageal adenocarcinoma,upper urinary urothelial carcinoma,biliary tract tumors,nodal lymphoma of T follicular helper cell origin,pulmonary lymphoepithelioma-like carcinoma,natural killer/T-cell lymphoma,hemophagocytic syndrome,pancreatic neoplasm,metastatic breast cancer,muscle invasive bladder urothelial cancer,papillary disease,Sezary syndrome,mycosis fungoides,cancer recurrence,adult T-cell leukemia/lymphoma,perihilar bile duct cancer,desmoplastic small round cell tumor,pancreatic cancer peritoneal metastases,advanced urothelium cancer,borderline resectable pancreatic cancer,biliary tumors,gastroesophageal cancer,large B-cell lymphoma,digestive tract tumor,gastro-intestinal cancer,biliary tract malignancies,,gastric esophageal cancer,olfactory neuroblastoma,extrahepatic biliary tract cancer,liver metastasis,pleural mesothelioma,malignant solid tumor,yolk sac tumor,rare tumours,thyroid gland undifferentiated (anaplastic) carcinoma,poorly differentiated thyroid gland carcinoma,upper urinary tract urothelial carcinoma,extranodal NK/T-cell lymphoma,non-muscle invasive papillary bladder cancer,combined hepatocellular-cholangiocarcinoma,recurrent intrahepatic cholangiocarcinoma,primary central nervous system lymphoma,low grade bladder cancer,extramammary PAGET's disease of the scrotum,advanced urothelial carcinoma,urinary sarcoma,bladder urachal carcinoma,adrenal cortex carcinoma,pheochromocytoma,oesophageal cancer,gastro-oesophageal junction adenocarcinoma,gastric adenocarcinoma,diffuse pleural mesothelioma,squamous carcinoma of the lung,atypical teratoid rhabdoid tumor,gastroesophageal junction adenocarcinoma,solid tumor,genital herpes,pancreatic lesions,solid tumours,solid malignancies,bladder carcinoma in situ,advanced solid tumors,B-cell cancer,transitional cell bladder cancer,malignant neoplasm of liver metastases,follicular lymphoma,advanced malignancies,hematopoietic and lymphoid cell neoplasm,anogenital cancer,high-grade serous ovarian cancer,peritoneal metastases of colorectal cancer,indolent lymphoma,unresectable cancer,metastatic malignant neoplasm,locally advanced or metastatic urothelial cancer,non-muscle invasive urothelial carcinoma of the bladder,hormone receptor-positive breast cancer,HER2 positive breast carcinoma,metastatic soft tissue sarcoma,gastrointestinal malignancies,IDH1 mutant solid tumors,hepatobiliary neoplasm,glioma,natural killer T-cell lymphoma,high grade serous ovarian carcinoma,HER2-positive advanced biliary system tumors,HER2-positive advanced solid tumors,non-rhabdomyosarcoma soft tissue sarcoma,malignant solid tumors,dedifferentiated liposarcoma,high-grade serous epithelial ovarian cancer,advanced solid malignancies,KRAS G12D mutation,digestive system neoplasm,advanced solid tumours,ovarian epithelial carcinoma,epithelial cancer,neoplastic meningitis,advanced cancer,metastatic solid tumors,adenocarcinoma of the exocrine pancreas,epithelial solid tumors,advanced solid tumor,lymphoid malignancies,pancreaticobiliary cancer,systemic anaplastic large cell lymphoma,solid malignancy,solid tumor malignancy,solid tumor cancer,metastatic melanoma,solid tumour,endometrial carcinoma,breast carcinoma,aggressive histology lymphoma,advanced cancer metastatic to the liver,lung carcinoma,peritoneal papillary carcinoma,advanced urothelial cancer,uveal melanoma with liver metastasis,rectum adenocarcinoma,colon adenocarcinoma,asymptomatic brain metastases,advanced solid malignancy,female reproductive organ cancer,uveal melanoma,basal cell carcinoma,non-muscle-invasive urothelial carcinoma of the bladder,high grade neuroendocrine tumor,neuroendocrine neoplasm,digestive system carcinoma,head and neck squamous cell cancer,grade 4 glioma,pancreatic ductal cancer,malignant glioma,central nervous system embryonal neoplasm,ependymoma,sarcomatoid differentiation,high grade B-cell lymphoma,alveolar soft part sarcoma,peritoneal metastases,gastric neoplasm,diffuse intrinsic pontine glioma,diffuse midline glioma,nephritis,Cough,inflammation,asthma,genitourinary disease,middle east respiratory syndrome (mers),severe acute respiratory syndrome (sars),cytomegalovirus retinitis,periampullary adenocarcinoma,gastric carcinoma,intravesical recurrence,digestive system malignancies,BCG unresponsive bladder cancer:APPROVAL
WNT5A	ENSG00000114251	ok	WNT5A	Wnt family member 5A	protein_coding	SM:Approved Drug:FALSE; SM:Advanced Clinical:FALSE; SM:Phase 1 Clinical:FALSE; SM:Structure with Ligand:FALSE; SM:High-Quality Ligand:FALSE; SM:High-Quality Pocket:FALSE; SM:Med-Quality Pocket:FALSE; SM:Druggable Family:FALSE; AB:Approved Drug:FALSE; AB:Advanced Clinical:FALSE; AB:Phase 1 Clinical:FALSE; AB:UniProt loc high conf:TRUE; AB:GO CC high conf:TRUE; AB:UniProt loc med conf:FALSE; AB:UniProt SigP or TMHMM:TRUE; AB:GO CC med conf:FALSE; AB:Human Protein Atlas loc:FALSE; PR:Approved Drug:FALSE; PR:Advanced Clinical:FALSE; PR:Phase 1 Clinical:FALSE; PR:Literature:FALSE; PR:UniProt Ubiquitination:FALSE; PR:Database Ubiquitination:TRUE; PR:Half-life Data:FALSE; PR:Small Molecule Binder:FALSE; OC:Approved Drug:FALSE; OC:Advanced Clinical:FALSE; OC:Phase 1 Clinical:FALSE	Robinow syndrome	0.7106123874013565			0.0		0.0	
SLC6A6	ENSG00000131389	ok	SLC6A6	solute carrier family 6 member 6	protein_coding	SM:Approved Drug:FALSE; SM:Advanced Clinical:FALSE; SM:Phase 1 Clinical:FALSE; SM:Structure with Ligand:TRUE; SM:High-Quality Ligand:FALSE; SM:High-Quality Pocket:FALSE; SM:Med-Quality Pocket:FALSE; SM:Druggable Family:TRUE; AB:Approved Drug:FALSE; AB:Advanced Clinical:FALSE; AB:Phase 1 Clinical:FALSE; AB:UniProt loc high conf:TRUE; AB:GO CC high conf:TRUE; AB:UniProt loc med conf:FALSE; AB:UniProt SigP or TMHMM:TRUE; AB:GO CC med conf:FALSE; AB:Human Protein Atlas loc:FALSE; PR:Approved Drug:FALSE; PR:Advanced Clinical:FALSE; PR:Phase 1 Clinical:FALSE; PR:Literature:FALSE; PR:UniProt Ubiquitination:FALSE; PR:Database Ubiquitination:TRUE; PR:Half-life Data:TRUE; PR:Small Molecule Binder:TRUE; OC:Approved Drug:FALSE; OC:Advanced Clinical:FALSE; OC:Phase 1 Clinical:FALSE	hypotaurinemic retinal degeneration and cardiomyopathy	0.4447382683977087			0.0		0.0	
NPR3	ENSG00000113389	ok	NPR3	natriuretic peptide receptor 3	protein_coding	SM:Approved Drug:FALSE; SM:Advanced Clinical:FALSE; SM:Phase 1 Clinical:FALSE; SM:Structure with Ligand:FALSE; SM:High-Quality Ligand:FALSE; SM:High-Quality Pocket:TRUE; SM:Med-Quality Pocket:FALSE; SM:Druggable Family:FALSE; AB:Approved Drug:FALSE; AB:Advanced Clinical:FALSE; AB:Phase 1 Clinical:FALSE; AB:UniProt loc high conf:TRUE; AB:GO CC high conf:FALSE; AB:UniProt loc med conf:FALSE; AB:UniProt SigP or TMHMM:TRUE; AB:GO CC med conf:TRUE; AB:Human Protein Atlas loc:FALSE; PR:Approved Drug:FALSE; PR:Advanced Clinical:FALSE; PR:Phase 1 Clinical:FALSE; PR:Literature:FALSE; PR:UniProt Ubiquitination:FALSE; PR:Database Ubiquitination:TRUE; PR:Half-life Data:TRUE; PR:Small Molecule Binder:TRUE; OC:Approved Drug:FALSE; OC:Advanced Clinical:TRUE; OC:Phase 1 Clinical:FALSE	Boudin-Mortier syndrome	0.6858686499976931			1.0	CARPERITIDE:congestive heart failure,acute respiratory distress syndrome,acute myocardial infarction:APPROVAL	0.0	
CITED2	ENSG00000164442	ok	CITED2	Cbp/p300 interacting transactivator with ED-rich tail 2	protein_coding	SM:Approved Drug:FALSE; SM:Advanced Clinical:FALSE; SM:Phase 1 Clinical:FALSE; SM:Structure with Ligand:FALSE; SM:High-Quality Ligand:FALSE; SM:High-Quality Pocket:FALSE; SM:Med-Quality Pocket:FALSE; SM:Druggable Family:FALSE; AB:Approved Drug:FALSE; AB:Advanced Clinical:FALSE; AB:Phase 1 Clinical:FALSE; AB:UniProt loc high conf:FALSE; AB:GO CC high conf:FALSE; AB:UniProt loc med conf:FALSE; AB:UniProt SigP or TMHMM:FALSE; AB:GO CC med conf:FALSE; AB:Human Protein Atlas loc:FALSE; PR:Approved Drug:FALSE; PR:Advanced Clinical:FALSE; PR:Phase 1 Clinical:FALSE; PR:Literature:FALSE; PR:UniProt Ubiquitination:FALSE; PR:Database Ubiquitination:FALSE; PR:Half-life Data:FALSE; PR:Small Molecule Binder:FALSE; OC:Approved Drug:FALSE; OC:Advanced Clinical:FALSE; OC:Phase 1 Clinical:FALSE	atrial septal defect 8	0.6231750158902643			0.0		0.0	
TANC2	ENSG00000170921	ok	TANC2	tetratricopeptide repeat, ankyrin repeat and coiled-coil containing 2	protein_coding	SM:Approved Drug:FALSE; SM:Advanced Clinical:FALSE; SM:Phase 1 Clinical:FALSE; SM:Structure with Ligand:FALSE; SM:High-Quality Ligand:FALSE; SM:High-Quality Pocket:FALSE; SM:Med-Quality Pocket:FALSE; SM:Druggable Family:FALSE; AB:Approved Drug:FALSE; AB:Advanced Clinical:FALSE; AB:Phase 1 Clinical:FALSE; AB:UniProt loc high conf:FALSE; AB:GO CC high conf:FALSE; AB:UniProt loc med conf:FALSE; AB:UniProt SigP or TMHMM:FALSE; AB:GO CC med conf:FALSE; AB:Human Protein Atlas loc:FALSE; PR:Approved Drug:FALSE; PR:Advanced Clinical:FALSE; PR:Phase 1 Clinical:FALSE; PR:Literature:FALSE; PR:UniProt Ubiquitination:FALSE; PR:Database Ubiquitination:TRUE; PR:Half-life Data:TRUE; PR:Small Molecule Binder:FALSE; OC:Approved Drug:FALSE; OC:Advanced Clinical:FALSE; OC:Phase 1 Clinical:FALSE	intellectual developmental disorder with autistic features and language delay, with or without seizures	0.7885664675364669			0.0		0.0	
GRHL1	ENSG00000134317	ok	GRHL1	grainyhead like transcription factor 1	protein_coding	SM:Approved Drug:FALSE; SM:Advanced Clinical:FALSE; SM:Phase 1 Clinical:FALSE; SM:Structure with Ligand:FALSE; SM:High-Quality Ligand:FALSE; SM:High-Quality Pocket:FALSE; SM:Med-Quality Pocket:FALSE; SM:Druggable Family:FALSE; AB:Approved Drug:FALSE; AB:Advanced Clinical:FALSE; AB:Phase 1 Clinical:FALSE; AB:UniProt loc high conf:FALSE; AB:GO CC high conf:FALSE; AB:UniProt loc med conf:FALSE; AB:UniProt SigP or TMHMM:FALSE; AB:GO CC med conf:FALSE; AB:Human Protein Atlas loc:FALSE; PR:Approved Drug:FALSE; PR:Advanced Clinical:FALSE; PR:Phase 1 Clinical:FALSE; PR:Literature:FALSE; PR:UniProt Ubiquitination:FALSE; PR:Database Ubiquitination:FALSE; PR:Half-life Data:FALSE; PR:Small Molecule Binder:FALSE; OC:Approved Drug:FALSE; OC:Advanced Clinical:FALSE; OC:Phase 1 Clinical:FALSE	prostate carcinoma	0.4353683578418613			0.0		0.0	
KIAA1324		no_ensembl												
CYP27C1	ENSG00000186684	ok	CYP27C1	cytochrome P450 family 27 subfamily C member 1	protein_coding	SM:Approved Drug:FALSE; SM:Advanced Clinical:FALSE; SM:Phase 1 Clinical:FALSE; SM:Structure with Ligand:FALSE; SM:High-Quality Ligand:FALSE; SM:High-Quality Pocket:FALSE; SM:Med-Quality Pocket:FALSE; SM:Druggable Family:FALSE; AB:Approved Drug:FALSE; AB:Advanced Clinical:FALSE; AB:Phase 1 Clinical:FALSE; AB:UniProt loc high conf:FALSE; AB:GO CC high conf:FALSE; AB:UniProt loc med conf:TRUE; AB:UniProt SigP or TMHMM:FALSE; AB:GO CC med conf:FALSE; AB:Human Protein Atlas loc:FALSE; PR:Approved Drug:FALSE; PR:Advanced Clinical:FALSE; PR:Phase 1 Clinical:FALSE; PR:Literature:FALSE; PR:UniProt Ubiquitination:FALSE; PR:Database Ubiquitination:TRUE; PR:Half-life Data:FALSE; PR:Small Molecule Binder:FALSE; OC:Approved Drug:FALSE; OC:Advanced Clinical:FALSE; OC:Phase 1 Clinical:FALSE	vitiligo	0.1124807324352758			0.0		0.0	
BLZF1	ENSG00000117475	ok	BLZF1	basic leucine zipper nuclear factor 1	protein_coding	SM:Approved Drug:FALSE; SM:Advanced Clinical:FALSE; SM:Phase 1 Clinical:FALSE; SM:Structure with Ligand:FALSE; SM:High-Quality Ligand:FALSE; SM:High-Quality Pocket:FALSE; SM:Med-Quality Pocket:FALSE; SM:Druggable Family:FALSE; AB:Approved Drug:FALSE; AB:Advanced Clinical:FALSE; AB:Phase 1 Clinical:FALSE; AB:UniProt loc high conf:FALSE; AB:GO CC high conf:FALSE; AB:UniProt loc med conf:FALSE; AB:UniProt SigP or TMHMM:FALSE; AB:GO CC med conf:FALSE; AB:Human Protein Atlas loc:FALSE; PR:Approved Drug:FALSE; PR:Advanced Clinical:FALSE; PR:Phase 1 Clinical:FALSE; PR:Literature:FALSE; PR:UniProt Ubiquitination:TRUE; PR:Database Ubiquitination:TRUE; PR:Half-life Data:TRUE; PR:Small Molecule Binder:FALSE; OC:Approved Drug:FALSE; OC:Advanced Clinical:FALSE; OC:Phase 1 Clinical:FALSE	neurodegenerative disease	0.3093288101493404			0.0		0.0	
PPFIBP1	ENSG00000110841	ok	PPFIBP1	PPFIB scaffold protein 1	protein_coding	SM:Approved Drug:FALSE; SM:Advanced Clinical:FALSE; SM:Phase 1 Clinical:FALSE; SM:Structure with Ligand:FALSE; SM:High-Quality Ligand:FALSE; SM:High-Quality Pocket:FALSE; SM:Med-Quality Pocket:FALSE; SM:Druggable Family:FALSE; AB:Approved Drug:FALSE; AB:Advanced Clinical:FALSE; AB:Phase 1 Clinical:FALSE; AB:UniProt loc high conf:FALSE; AB:GO CC high conf:TRUE; AB:UniProt loc med conf:FALSE; AB:UniProt SigP or TMHMM:FALSE; AB:GO CC med conf:FALSE; AB:Human Protein Atlas loc:TRUE; PR:Approved Drug:FALSE; PR:Advanced Clinical:FALSE; PR:Phase 1 Clinical:FALSE; PR:Literature:FALSE; PR:UniProt Ubiquitination:TRUE; PR:Database Ubiquitination:TRUE; PR:Half-life Data:TRUE; PR:Small Molecule Binder:FALSE; OC:Approved Drug:FALSE; OC:Advanced Clinical:FALSE; OC:Phase 1 Clinical:FALSE	neurodevelopmental disorder with seizures, microcephaly, and brain abnormalities	0.7556321572305454	pancreatic ductal adenocarcinoma	0.1847899273423509	0.0		0.0	
NPR1	ENSG00000169418	ok	NPR1	natriuretic peptide receptor 1	protein_coding	SM:Approved Drug:FALSE; SM:Advanced Clinical:FALSE; SM:Phase 1 Clinical:FALSE; SM:Structure with Ligand:TRUE; SM:High-Quality Ligand:TRUE; SM:High-Quality Pocket:FALSE; SM:Med-Quality Pocket:FALSE; SM:Druggable Family:TRUE; AB:Approved Drug:FALSE; AB:Advanced Clinical:FALSE; AB:Phase 1 Clinical:FALSE; AB:UniProt loc high conf:FALSE; AB:GO CC high conf:TRUE; AB:UniProt loc med conf:FALSE; AB:UniProt SigP or TMHMM:TRUE; AB:GO CC med conf:FALSE; AB:Human Protein Atlas loc:TRUE; PR:Approved Drug:FALSE; PR:Advanced Clinical:FALSE; PR:Phase 1 Clinical:FALSE; PR:Literature:FALSE; PR:UniProt Ubiquitination:FALSE; PR:Database Ubiquitination:TRUE; PR:Half-life Data:FALSE; PR:Small Molecule Binder:TRUE; OC:Approved Drug:TRUE; OC:Advanced Clinical:FALSE; OC:Phase 1 Clinical:FALSE	congestive heart failure	0.5745412962354295			3.0	PL-3994:asthma,congestive heart failure,Hypertension,heart failure:PHASE_2; CARPERITIDE:congestive heart failure,acute respiratory distress syndrome,acute myocardial infarction:APPROVAL; NESIRITIDE:cardiovascular disorder,congestive heart failure,heart disorder,impaired renal function disease,acute congestive heart failure,Dyspnea,heart failure,Respiratory distress,myocardial ischemia,airways disease,chronic heart failure,single ventricle heart defects,postoperative morbidity,kidney dysfunction,acute kidney injury,acute renal injury,acute decompensated heart failure,congenital heart disease,diastolic heart failure,systolic heart failure,diastolic dysfunction,preclinical systolic dysfunction,kidney disorder,hypertensive disorder,preclinical diastolic dysfunction,left ventricular systolic dysfunction,acute heart failure,myocardial infarction,Hypertension,obesity disorder,Insulin resistance,impaired myocardial relaxation,patients receiving BNP or nitroglycerin (IV) during the angioplasty procedure,dilated cardiomyopathy,glucose metabolic process,Tetralogy of Fallot,early postoperative recovery after total cavo-pulmonary connection surgery:APPROVAL	0.0	
NUAK1	ENSG00000074590	ok	NUAK1	NUAK family kinase 1	protein_coding	SM:Approved Drug:FALSE; SM:Advanced Clinical:FALSE; SM:Phase 1 Clinical:FALSE; SM:Structure with Ligand:FALSE; SM:High-Quality Ligand:TRUE; SM:High-Quality Pocket:FALSE; SM:Med-Quality Pocket:FALSE; SM:Druggable Family:TRUE; AB:Approved Drug:FALSE; AB:Advanced Clinical:FALSE; AB:Phase 1 Clinical:FALSE; AB:UniProt loc high conf:FALSE; AB:GO CC high conf:FALSE; AB:UniProt loc med conf:FALSE; AB:UniProt SigP or TMHMM:FALSE; AB:GO CC med conf:FALSE; AB:Human Protein Atlas loc:FALSE; PR:Approved Drug:FALSE; PR:Advanced Clinical:FALSE; PR:Phase 1 Clinical:FALSE; PR:Literature:TRUE; PR:UniProt Ubiquitination:TRUE; PR:Database Ubiquitination:FALSE; PR:Half-life Data:FALSE; PR:Small Molecule Binder:TRUE; OC:Approved Drug:FALSE; OC:Advanced Clinical:FALSE; OC:Phase 1 Clinical:FALSE	neurodegenerative disease	0.4743386496282487	pancreatic adenocarcinoma	0.0739159709369403	0.0		0.0	
TRIM59	ENSG00000213186	ok	TRIM59	tripartite motif containing 59	protein_coding	SM:Approved Drug:FALSE; SM:Advanced Clinical:FALSE; SM:Phase 1 Clinical:FALSE; SM:Structure with Ligand:FALSE; SM:High-Quality Ligand:FALSE; SM:High-Quality Pocket:FALSE; SM:Med-Quality Pocket:FALSE; SM:Druggable Family:FALSE; AB:Approved Drug:FALSE; AB:Advanced Clinical:FALSE; AB:Phase 1 Clinical:FALSE; AB:UniProt loc high conf:FALSE; AB:GO CC high conf:FALSE; AB:UniProt loc med conf:FALSE; AB:UniProt SigP or TMHMM:TRUE; AB:GO CC med conf:FALSE; AB:Human Protein Atlas loc:FALSE; PR:Approved Drug:FALSE; PR:Advanced Clinical:FALSE; PR:Phase 1 Clinical:FALSE; PR:Literature:FALSE; PR:UniProt Ubiquitination:FALSE; PR:Database Ubiquitination:TRUE; PR:Half-life Data:FALSE; PR:Small Molecule Binder:FALSE; OC:Approved Drug:FALSE; OC:Advanced Clinical:FALSE; OC:Phase 1 Clinical:FALSE	Oral ulcer	0.2336180075744117			0.0		0.0	
SLC46A1	ENSG00000076351	ok	SLC46A1	solute carrier family 46 member 1	protein_coding	SM:Approved Drug:FALSE; SM:Advanced Clinical:FALSE; SM:Phase 1 Clinical:FALSE; SM:Structure with Ligand:FALSE; SM:High-Quality Ligand:TRUE; SM:High-Quality Pocket:FALSE; SM:Med-Quality Pocket:FALSE; SM:Druggable Family:FALSE; AB:Approved Drug:FALSE; AB:Advanced Clinical:FALSE; AB:Phase 1 Clinical:FALSE; AB:UniProt loc high conf:TRUE; AB:GO CC high conf:TRUE; AB:UniProt loc med conf:FALSE; AB:UniProt SigP or TMHMM:TRUE; AB:GO CC med conf:FALSE; AB:Human Protein Atlas loc:TRUE; PR:Approved Drug:FALSE; PR:Advanced Clinical:FALSE; PR:Phase 1 Clinical:FALSE; PR:Literature:FALSE; PR:UniProt Ubiquitination:FALSE; PR:Database Ubiquitination:TRUE; PR:Half-life Data:FALSE; PR:Small Molecule Binder:TRUE; OC:Approved Drug:FALSE; OC:Advanced Clinical:FALSE; OC:Phase 1 Clinical:FALSE	hereditary folate malabsorption	0.8362936464198146			0.0		0.0	
PGM2L1	ENSG00000165434	ok	PGM2L1	phosphoglucomutase 2 like 1	protein_coding	SM:Approved Drug:FALSE; SM:Advanced Clinical:FALSE; SM:Phase 1 Clinical:FALSE; SM:Structure with Ligand:FALSE; SM:High-Quality Ligand:FALSE; SM:High-Quality Pocket:FALSE; SM:Med-Quality Pocket:FALSE; SM:Druggable Family:FALSE; AB:Approved Drug:FALSE; AB:Advanced Clinical:FALSE; AB:Phase 1 Clinical:FALSE; AB:UniProt loc high conf:FALSE; AB:GO CC high conf:FALSE; AB:UniProt loc med conf:FALSE; AB:UniProt SigP or TMHMM:FALSE; AB:GO CC med conf:FALSE; AB:Human Protein Atlas loc:FALSE; PR:Approved Drug:FALSE; PR:Advanced Clinical:FALSE; PR:Phase 1 Clinical:FALSE; PR:Literature:FALSE; PR:UniProt Ubiquitination:FALSE; PR:Database Ubiquitination:TRUE; PR:Half-life Data:TRUE; PR:Small Molecule Binder:FALSE; OC:Approved Drug:FALSE; OC:Advanced Clinical:FALSE; OC:Phase 1 Clinical:FALSE	neurodevelopmental disorder with hypotonia, dysmorphic facies, and skin abnormalities	0.6666322294142994	pancreatic adenocarcinoma	0.0280880689560373	0.0		0.0	
HIST1H4H		no_ensembl												
SERPINB9	ENSG00000170542	ok	SERPINB9	serpin family B member 9	protein_coding	SM:Approved Drug:FALSE; SM:Advanced Clinical:FALSE; SM:Phase 1 Clinical:FALSE; SM:Structure with Ligand:FALSE; SM:High-Quality Ligand:FALSE; SM:High-Quality Pocket:FALSE; SM:Med-Quality Pocket:FALSE; SM:Druggable Family:FALSE; AB:Approved Drug:FALSE; AB:Advanced Clinical:FALSE; AB:Phase 1 Clinical:FALSE; AB:UniProt loc high conf:FALSE; AB:GO CC high conf:FALSE; AB:UniProt loc med conf:FALSE; AB:UniProt SigP or TMHMM:FALSE; AB:GO CC med conf:FALSE; AB:Human Protein Atlas loc:FALSE; PR:Approved Drug:FALSE; PR:Advanced Clinical:FALSE; PR:Phase 1 Clinical:FALSE; PR:Literature:FALSE; PR:UniProt Ubiquitination:FALSE; PR:Database Ubiquitination:TRUE; PR:Half-life Data:TRUE; PR:Small Molecule Binder:FALSE; OC:Approved Drug:FALSE; OC:Advanced Clinical:FALSE; OC:Phase 1 Clinical:FALSE	neurodegenerative disease	0.3207652375035749	pancreatic neoplasm	0.0716984918088321	0.0		0.0	
CERS6	ENSG00000172292	ok	CERS6	ceramide synthase 6	protein_coding	SM:Approved Drug:FALSE; SM:Advanced Clinical:FALSE; SM:Phase 1 Clinical:FALSE; SM:Structure with Ligand:TRUE; SM:High-Quality Ligand:FALSE; SM:High-Quality Pocket:FALSE; SM:Med-Quality Pocket:FALSE; SM:Druggable Family:FALSE; AB:Approved Drug:FALSE; AB:Advanced Clinical:FALSE; AB:Phase 1 Clinical:FALSE; AB:UniProt loc high conf:FALSE; AB:GO CC high conf:FALSE; AB:UniProt loc med conf:FALSE; AB:UniProt SigP or TMHMM:TRUE; AB:GO CC med conf:FALSE; AB:Human Protein Atlas loc:FALSE; PR:Approved Drug:FALSE; PR:Advanced Clinical:FALSE; PR:Phase 1 Clinical:FALSE; PR:Literature:FALSE; PR:UniProt Ubiquitination:FALSE; PR:Database Ubiquitination:TRUE; PR:Half-life Data:TRUE; PR:Small Molecule Binder:FALSE; OC:Approved Drug:FALSE; OC:Advanced Clinical:FALSE; OC:Phase 1 Clinical:FALSE	neurodegenerative disease	0.349193974148234			0.0		0.0	
HADH	ENSG00000138796	ok	HADH	hydroxyacyl-CoA dehydrogenase	protein_coding	SM:Approved Drug:FALSE; SM:Advanced Clinical:FALSE; SM:Phase 1 Clinical:FALSE; SM:Structure with Ligand:TRUE; SM:High-Quality Ligand:FALSE; SM:High-Quality Pocket:TRUE; SM:Med-Quality Pocket:FALSE; SM:Druggable Family:FALSE; AB:Approved Drug:FALSE; AB:Advanced Clinical:FALSE; AB:Phase 1 Clinical:FALSE; AB:UniProt loc high conf:FALSE; AB:GO CC high conf:FALSE; AB:UniProt loc med conf:FALSE; AB:UniProt SigP or TMHMM:FALSE; AB:GO CC med conf:FALSE; AB:Human Protein Atlas loc:FALSE; PR:Approved Drug:FALSE; PR:Advanced Clinical:FALSE; PR:Phase 1 Clinical:FALSE; PR:Literature:FALSE; PR:UniProt Ubiquitination:FALSE; PR:Database Ubiquitination:TRUE; PR:Half-life Data:TRUE; PR:Small Molecule Binder:FALSE; OC:Approved Drug:FALSE; OC:Advanced Clinical:FALSE; OC:Phase 1 Clinical:FALSE	Hyperinsulinism due to short chain 3-hydroxylacyl-CoA dehydrogenase deficiency	0.801254969154064			0.0		0.0	
ARL6IP1	ENSG00000170540	ok	ARL6IP1	ARL6 interacting reticulophagy regulator 1	protein_coding	SM:Approved Drug:FALSE; SM:Advanced Clinical:FALSE; SM:Phase 1 Clinical:FALSE; SM:Structure with Ligand:FALSE; SM:High-Quality Ligand:FALSE; SM:High-Quality Pocket:FALSE; SM:Med-Quality Pocket:FALSE; SM:Druggable Family:FALSE; AB:Approved Drug:FALSE; AB:Advanced Clinical:FALSE; AB:Phase 1 Clinical:FALSE; AB:UniProt loc high conf:FALSE; AB:GO CC high conf:FALSE; AB:UniProt loc med conf:FALSE; AB:UniProt SigP or TMHMM:TRUE; AB:GO CC med conf:FALSE; AB:Human Protein Atlas loc:FALSE; PR:Approved Drug:FALSE; PR:Advanced Clinical:FALSE; PR:Phase 1 Clinical:FALSE; PR:Literature:FALSE; PR:UniProt Ubiquitination:FALSE; PR:Database Ubiquitination:TRUE; PR:Half-life Data:TRUE; PR:Small Molecule Binder:FALSE; OC:Approved Drug:FALSE; OC:Advanced Clinical:FALSE; OC:Phase 1 Clinical:FALSE	hereditary spastic paraplegia 61	0.7307125590606282			0.0		0.0	
CEACAM6	ENSG00000086548	ok	CEACAM6	CEA cell adhesion molecule 6	protein_coding	SM:Approved Drug:FALSE; SM:Advanced Clinical:FALSE; SM:Phase 1 Clinical:FALSE; SM:Structure with Ligand:FALSE; SM:High-Quality Ligand:FALSE; SM:High-Quality Pocket:FALSE; SM:Med-Quality Pocket:FALSE; SM:Druggable Family:FALSE; AB:Approved Drug:FALSE; AB:Advanced Clinical:FALSE; AB:Phase 1 Clinical:FALSE; AB:UniProt loc high conf:TRUE; AB:GO CC high conf:TRUE; AB:UniProt loc med conf:TRUE; AB:UniProt SigP or TMHMM:TRUE; AB:GO CC med conf:FALSE; AB:Human Protein Atlas loc:FALSE; PR:Approved Drug:FALSE; PR:Advanced Clinical:FALSE; PR:Phase 1 Clinical:FALSE; PR:Literature:FALSE; PR:UniProt Ubiquitination:FALSE; PR:Database Ubiquitination:FALSE; PR:Half-life Data:FALSE; PR:Small Molecule Binder:FALSE; OC:Approved Drug:FALSE; OC:Advanced Clinical:FALSE; OC:Phase 1 Clinical:FALSE	cystic fibrosis	0.3721386818730396	pancreatic neoplasm	0.0539086584829018	0.0		0.0	
CTNNB1	ENSG00000168036	ok	CTNNB1	catenin beta 1	protein_coding	SM:Approved Drug:FALSE; SM:Advanced Clinical:FALSE; SM:Phase 1 Clinical:FALSE; SM:Structure with Ligand:TRUE; SM:High-Quality Ligand:TRUE; SM:High-Quality Pocket:FALSE; SM:Med-Quality Pocket:FALSE; SM:Druggable Family:TRUE; AB:Approved Drug:FALSE; AB:Advanced Clinical:FALSE; AB:Phase 1 Clinical:FALSE; AB:UniProt loc high conf:TRUE; AB:GO CC high conf:TRUE; AB:UniProt loc med conf:FALSE; AB:UniProt SigP or TMHMM:FALSE; AB:GO CC med conf:FALSE; AB:Human Protein Atlas loc:TRUE; PR:Approved Drug:FALSE; PR:Advanced Clinical:FALSE; PR:Phase 1 Clinical:FALSE; PR:Literature:FALSE; PR:UniProt Ubiquitination:TRUE; PR:Database Ubiquitination:TRUE; PR:Half-life Data:TRUE; PR:Small Molecule Binder:TRUE; OC:Approved Drug:FALSE; OC:Advanced Clinical:TRUE; OC:Phase 1 Clinical:FALSE	severe intellectual disability-progressive spastic diplegia syndrome	0.8091782196672813	Pancreatoblastoma	0.3730841243398553	1.0	PRI-724:colorectal cancer,cirrhosis of liver,acute myeloid leukemia by FAB classification,acute myeloid leukemia,chronic myelogenous leukemia, BCR-ABL1 positive,solid tumors,colorectal carcinoma,pancreatic adenocarcinoma,Cirrhosis:PHASE_2	1.0	PRI-724:colorectal cancer,cirrhosis of liver,acute myeloid leukemia by FAB classification,acute myeloid leukemia,chronic myelogenous leukemia, BCR-ABL1 positive,solid tumors,colorectal carcinoma,pancreatic adenocarcinoma,Cirrhosis:PHASE_2
OXR1	ENSG00000164830	ok	OXR1	oxidation resistance 1	protein_coding	SM:Approved Drug:FALSE; SM:Advanced Clinical:FALSE; SM:Phase 1 Clinical:FALSE; SM:Structure with Ligand:FALSE; SM:High-Quality Ligand:FALSE; SM:High-Quality Pocket:FALSE; SM:Med-Quality Pocket:FALSE; SM:Druggable Family:FALSE; AB:Approved Drug:FALSE; AB:Advanced Clinical:FALSE; AB:Phase 1 Clinical:FALSE; AB:UniProt loc high conf:FALSE; AB:GO CC high conf:FALSE; AB:UniProt loc med conf:FALSE; AB:UniProt SigP or TMHMM:FALSE; AB:GO CC med conf:FALSE; AB:Human Protein Atlas loc:FALSE; PR:Approved Drug:FALSE; PR:Advanced Clinical:FALSE; PR:Phase 1 Clinical:FALSE; PR:Literature:FALSE; PR:UniProt Ubiquitination:FALSE; PR:Database Ubiquitination:TRUE; PR:Half-life Data:TRUE; PR:Small Molecule Binder:FALSE; OC:Approved Drug:FALSE; OC:Advanced Clinical:FALSE; OC:Phase 1 Clinical:FALSE	isolated cerebellar hypoplasia/agenesis	0.653090697598427			0.0		0.0	
TMSB10	ENSG00000034510	ok	TMSB10	thymosin beta 10	protein_coding	SM:Approved Drug:FALSE; SM:Advanced Clinical:FALSE; SM:Phase 1 Clinical:FALSE; SM:Structure with Ligand:FALSE; SM:High-Quality Ligand:FALSE; SM:High-Quality Pocket:FALSE; SM:Med-Quality Pocket:FALSE; SM:Druggable Family:FALSE; AB:Approved Drug:FALSE; AB:Advanced Clinical:FALSE; AB:Phase 1 Clinical:FALSE; AB:UniProt loc high conf:FALSE; AB:GO CC high conf:FALSE; AB:UniProt loc med conf:FALSE; AB:UniProt SigP or TMHMM:FALSE; AB:GO CC med conf:FALSE; AB:Human Protein Atlas loc:FALSE; PR:Approved Drug:FALSE; PR:Advanced Clinical:FALSE; PR:Phase 1 Clinical:FALSE; PR:Literature:FALSE; PR:UniProt Ubiquitination:FALSE; PR:Database Ubiquitination:TRUE; PR:Half-life Data:TRUE; PR:Small Molecule Binder:FALSE; OC:Approved Drug:FALSE; OC:Advanced Clinical:FALSE; OC:Phase 1 Clinical:FALSE	neurodegenerative disease	0.3955770943446829			0.0		0.0	
STK38L	ENSG00000211455	ok	STK38L	serine/threonine kinase 38 like	protein_coding	SM:Approved Drug:FALSE; SM:Advanced Clinical:FALSE; SM:Phase 1 Clinical:FALSE; SM:Structure with Ligand:FALSE; SM:High-Quality Ligand:TRUE; SM:High-Quality Pocket:FALSE; SM:Med-Quality Pocket:FALSE; SM:Druggable Family:TRUE; AB:Approved Drug:FALSE; AB:Advanced Clinical:FALSE; AB:Phase 1 Clinical:FALSE; AB:UniProt loc high conf:FALSE; AB:GO CC high conf:FALSE; AB:UniProt loc med conf:FALSE; AB:UniProt SigP or TMHMM:FALSE; AB:GO CC med conf:FALSE; AB:Human Protein Atlas loc:FALSE; PR:Approved Drug:FALSE; PR:Advanced Clinical:FALSE; PR:Phase 1 Clinical:FALSE; PR:Literature:FALSE; PR:UniProt Ubiquitination:FALSE; PR:Database Ubiquitination:TRUE; PR:Half-life Data:TRUE; PR:Small Molecule Binder:TRUE; OC:Approved Drug:FALSE; OC:Advanced Clinical:FALSE; OC:Phase 1 Clinical:FALSE	Alzheimer disease	0.2683722364574647			0.0		0.0	
CST1	ENSG00000170373	ok	CST1	cystatin SN	protein_coding	SM:Approved Drug:FALSE; SM:Advanced Clinical:FALSE; SM:Phase 1 Clinical:FALSE; SM:Structure with Ligand:FALSE; SM:High-Quality Ligand:FALSE; SM:High-Quality Pocket:FALSE; SM:Med-Quality Pocket:FALSE; SM:Druggable Family:FALSE; AB:Approved Drug:FALSE; AB:Advanced Clinical:FALSE; AB:Phase 1 Clinical:FALSE; AB:UniProt loc high conf:TRUE; AB:GO CC high conf:FALSE; AB:UniProt loc med conf:FALSE; AB:UniProt SigP or TMHMM:TRUE; AB:GO CC med conf:TRUE; AB:Human Protein Atlas loc:FALSE; PR:Approved Drug:FALSE; PR:Advanced Clinical:FALSE; PR:Phase 1 Clinical:FALSE; PR:Literature:FALSE; PR:UniProt Ubiquitination:FALSE; PR:Database Ubiquitination:FALSE; PR:Half-life Data:FALSE; PR:Small Molecule Binder:FALSE; OC:Approved Drug:FALSE; OC:Advanced Clinical:FALSE; OC:Phase 1 Clinical:FALSE	alcohol drinking	0.1315856744024967	pancreatic neoplasm	0.0289285197579181	0.0		0.0	
IVNS1ABP	ENSG00000116679	ok	IVNS1ABP	influenza virus NS1A binding protein	protein_coding	SM:Approved Drug:FALSE; SM:Advanced Clinical:FALSE; SM:Phase 1 Clinical:FALSE; SM:Structure with Ligand:FALSE; SM:High-Quality Ligand:FALSE; SM:High-Quality Pocket:FALSE; SM:Med-Quality Pocket:FALSE; SM:Druggable Family:TRUE; AB:Approved Drug:FALSE; AB:Advanced Clinical:FALSE; AB:Phase 1 Clinical:FALSE; AB:UniProt loc high conf:FALSE; AB:GO CC high conf:FALSE; AB:UniProt loc med conf:FALSE; AB:UniProt SigP or TMHMM:FALSE; AB:GO CC med conf:FALSE; AB:Human Protein Atlas loc:FALSE; PR:Approved Drug:FALSE; PR:Advanced Clinical:FALSE; PR:Phase 1 Clinical:FALSE; PR:Literature:FALSE; PR:UniProt Ubiquitination:FALSE; PR:Database Ubiquitination:TRUE; PR:Half-life Data:TRUE; PR:Small Molecule Binder:FALSE; OC:Approved Drug:FALSE; OC:Advanced Clinical:FALSE; OC:Phase 1 Clinical:FALSE	immunodeficiency 70	0.5268658755147976			0.0		0.0	
FMNL2	ENSG00000157827	ok	FMNL2	formin like 2	protein_coding	SM:Approved Drug:FALSE; SM:Advanced Clinical:FALSE; SM:Phase 1 Clinical:FALSE; SM:Structure with Ligand:TRUE; SM:High-Quality Ligand:FALSE; SM:High-Quality Pocket:FALSE; SM:Med-Quality Pocket:FALSE; SM:Druggable Family:FALSE; AB:Approved Drug:FALSE; AB:Advanced Clinical:FALSE; AB:Phase 1 Clinical:FALSE; AB:UniProt loc high conf:FALSE; AB:GO CC high conf:FALSE; AB:UniProt loc med conf:FALSE; AB:UniProt SigP or TMHMM:FALSE; AB:GO CC med conf:FALSE; AB:Human Protein Atlas loc:TRUE; PR:Approved Drug:FALSE; PR:Advanced Clinical:FALSE; PR:Phase 1 Clinical:FALSE; PR:Literature:FALSE; PR:UniProt Ubiquitination:FALSE; PR:Database Ubiquitination:TRUE; PR:Half-life Data:TRUE; PR:Small Molecule Binder:FALSE; OC:Approved Drug:FALSE; OC:Advanced Clinical:FALSE; OC:Phase 1 Clinical:FALSE	open-angle glaucoma	0.4926858477141946			0.0		0.0	
MCM10	ENSG00000065328	ok	MCM10	minichromosome maintenance 10 replication initiation factor	protein_coding	SM:Approved Drug:FALSE; SM:Advanced Clinical:FALSE; SM:Phase 1 Clinical:FALSE; SM:Structure with Ligand:FALSE; SM:High-Quality Ligand:FALSE; SM:High-Quality Pocket:FALSE; SM:Med-Quality Pocket:FALSE; SM:Druggable Family:FALSE; AB:Approved Drug:FALSE; AB:Advanced Clinical:FALSE; AB:Phase 1 Clinical:FALSE; AB:UniProt loc high conf:FALSE; AB:GO CC high conf:FALSE; AB:UniProt loc med conf:FALSE; AB:UniProt SigP or TMHMM:FALSE; AB:GO CC med conf:FALSE; AB:Human Protein Atlas loc:FALSE; PR:Approved Drug:FALSE; PR:Advanced Clinical:FALSE; PR:Phase 1 Clinical:FALSE; PR:Literature:FALSE; PR:UniProt Ubiquitination:TRUE; PR:Database Ubiquitination:TRUE; PR:Half-life Data:FALSE; PR:Small Molecule Binder:FALSE; OC:Approved Drug:FALSE; OC:Advanced Clinical:FALSE; OC:Phase 1 Clinical:FALSE	immunodeficiency 80 with or without congenital cardiomyopathy	0.6520610512892403	Pancreatic pseudocyst	0.0263684214931399	0.0		0.0	
RUVBL1	ENSG00000175792	ok	RUVBL1	RuvB like AAA ATPase 1	protein_coding	SM:Approved Drug:FALSE; SM:Advanced Clinical:FALSE; SM:Phase 1 Clinical:FALSE; SM:Structure with Ligand:TRUE; SM:High-Quality Ligand:FALSE; SM:High-Quality Pocket:TRUE; SM:Med-Quality Pocket:FALSE; SM:Druggable Family:FALSE; AB:Approved Drug:FALSE; AB:Advanced Clinical:FALSE; AB:Phase 1 Clinical:FALSE; AB:UniProt loc high conf:FALSE; AB:GO CC high conf:FALSE; AB:UniProt loc med conf:FALSE; AB:UniProt SigP or TMHMM:FALSE; AB:GO CC med conf:FALSE; AB:Human Protein Atlas loc:FALSE; PR:Approved Drug:FALSE; PR:Advanced Clinical:FALSE; PR:Phase 1 Clinical:FALSE; PR:Literature:FALSE; PR:UniProt Ubiquitination:TRUE; PR:Database Ubiquitination:TRUE; PR:Half-life Data:TRUE; PR:Small Molecule Binder:TRUE; OC:Approved Drug:FALSE; OC:Advanced Clinical:FALSE; OC:Phase 1 Clinical:FALSE	immunodeficiency, common variable, 15	0.3753288746464638	pancreatic neoplasm	0.0801037517443263	0.0		0.0	
FAT1	ENSG00000083857	ok	FAT1	FAT atypical cadherin 1	protein_coding	SM:Approved Drug:FALSE; SM:Advanced Clinical:FALSE; SM:Phase 1 Clinical:FALSE; SM:Structure with Ligand:FALSE; SM:High-Quality Ligand:FALSE; SM:High-Quality Pocket:FALSE; SM:Med-Quality Pocket:FALSE; SM:Druggable Family:FALSE; AB:Approved Drug:FALSE; AB:Advanced Clinical:FALSE; AB:Phase 1 Clinical:FALSE; AB:UniProt loc high conf:TRUE; AB:GO CC high conf:TRUE; AB:UniProt loc med conf:FALSE; AB:UniProt SigP or TMHMM:TRUE; AB:GO CC med conf:FALSE; AB:Human Protein Atlas loc:FALSE; PR:Approved Drug:FALSE; PR:Advanced Clinical:FALSE; PR:Phase 1 Clinical:FALSE; PR:Literature:FALSE; PR:UniProt Ubiquitination:FALSE; PR:Database Ubiquitination:TRUE; PR:Half-life Data:TRUE; PR:Small Molecule Binder:FALSE; OC:Approved Drug:FALSE; OC:Advanced Clinical:FALSE; OC:Phase 1 Clinical:FALSE	head and neck squamous cell carcinoma	0.6561696059351529			0.0		0.0	
PTPN14	ENSG00000152104	ok	PTPN14	protein tyrosine phosphatase non-receptor type 14	protein_coding	SM:Approved Drug:FALSE; SM:Advanced Clinical:FALSE; SM:Phase 1 Clinical:FALSE; SM:Structure with Ligand:FALSE; SM:High-Quality Ligand:FALSE; SM:High-Quality Pocket:FALSE; SM:Med-Quality Pocket:FALSE; SM:Druggable Family:FALSE; AB:Approved Drug:FALSE; AB:Advanced Clinical:FALSE; AB:Phase 1 Clinical:FALSE; AB:UniProt loc high conf:FALSE; AB:GO CC high conf:FALSE; AB:UniProt loc med conf:FALSE; AB:UniProt SigP or TMHMM:FALSE; AB:GO CC med conf:FALSE; AB:Human Protein Atlas loc:FALSE; PR:Approved Drug:FALSE; PR:Advanced Clinical:FALSE; PR:Phase 1 Clinical:FALSE; PR:Literature:FALSE; PR:UniProt Ubiquitination:TRUE; PR:Database Ubiquitination:TRUE; PR:Half-life Data:FALSE; PR:Small Molecule Binder:TRUE; OC:Approved Drug:FALSE; OC:Advanced Clinical:FALSE; OC:Phase 1 Clinical:FALSE	lymphedema-posterior choanal atresia syndrome	0.7201042464233897			0.0		0.0	
NRG3	ENSG00000185737	ok	NRG3	neuregulin 3	protein_coding	SM:Approved Drug:FALSE; SM:Advanced Clinical:FALSE; SM:Phase 1 Clinical:FALSE; SM:Structure with Ligand:FALSE; SM:High-Quality Ligand:FALSE; SM:High-Quality Pocket:FALSE; SM:Med-Quality Pocket:FALSE; SM:Druggable Family:FALSE; AB:Approved Drug:FALSE; AB:Advanced Clinical:FALSE; AB:Phase 1 Clinical:FALSE; AB:UniProt loc high conf:FALSE; AB:GO CC high conf:FALSE; AB:UniProt loc med conf:TRUE; AB:UniProt SigP or TMHMM:TRUE; AB:GO CC med conf:TRUE; AB:Human Protein Atlas loc:FALSE; PR:Approved Drug:FALSE; PR:Advanced Clinical:FALSE; PR:Phase 1 Clinical:FALSE; PR:Literature:FALSE; PR:UniProt Ubiquitination:FALSE; PR:Database Ubiquitination:FALSE; PR:Half-life Data:FALSE; PR:Small Molecule Binder:FALSE; OC:Approved Drug:FALSE; OC:Advanced Clinical:FALSE; OC:Phase 1 Clinical:FALSE	cancer	0.5791974189642413	chronic pancreatitis	0.2469544323414514	0.0		0.0	
PERP	ENSG00000112378	ok	PERP	p53 apoptosis effector related to PMP22	protein_coding	SM:Approved Drug:FALSE; SM:Advanced Clinical:FALSE; SM:Phase 1 Clinical:FALSE; SM:Structure with Ligand:FALSE; SM:High-Quality Ligand:FALSE; SM:High-Quality Pocket:FALSE; SM:Med-Quality Pocket:FALSE; SM:Druggable Family:FALSE; AB:Approved Drug:FALSE; AB:Advanced Clinical:FALSE; AB:Phase 1 Clinical:FALSE; AB:UniProt loc high conf:TRUE; AB:GO CC high conf:TRUE; AB:UniProt loc med conf:FALSE; AB:UniProt SigP or TMHMM:TRUE; AB:GO CC med conf:FALSE; AB:Human Protein Atlas loc:FALSE; PR:Approved Drug:FALSE; PR:Advanced Clinical:FALSE; PR:Phase 1 Clinical:FALSE; PR:Literature:FALSE; PR:UniProt Ubiquitination:FALSE; PR:Database Ubiquitination:FALSE; PR:Half-life Data:FALSE; PR:Small Molecule Binder:FALSE; OC:Approved Drug:FALSE; OC:Advanced Clinical:FALSE; OC:Phase 1 Clinical:FALSE	erythrokeratodermia variabilis et progressiva 7	0.6374739187957378	pancreatic neoplasm	0.0854538028725601	0.0		0.0	
AP3M2	ENSG00000070718	ok	AP3M2	adaptor related protein complex 3 subunit mu 2	protein_coding	SM:Approved Drug:FALSE; SM:Advanced Clinical:FALSE; SM:Phase 1 Clinical:FALSE; SM:Structure with Ligand:FALSE; SM:High-Quality Ligand:FALSE; SM:High-Quality Pocket:FALSE; SM:Med-Quality Pocket:FALSE; SM:Druggable Family:FALSE; AB:Approved Drug:FALSE; AB:Advanced Clinical:FALSE; AB:Phase 1 Clinical:FALSE; AB:UniProt loc high conf:FALSE; AB:GO CC high conf:FALSE; AB:UniProt loc med conf:TRUE; AB:UniProt SigP or TMHMM:FALSE; AB:GO CC med conf:FALSE; AB:Human Protein Atlas loc:FALSE; PR:Approved Drug:FALSE; PR:Advanced Clinical:FALSE; PR:Phase 1 Clinical:FALSE; PR:Literature:FALSE; PR:UniProt Ubiquitination:FALSE; PR:Database Ubiquitination:TRUE; PR:Half-life Data:TRUE; PR:Small Molecule Binder:FALSE; OC:Approved Drug:FALSE; OC:Advanced Clinical:FALSE; OC:Phase 1 Clinical:FALSE	ovarian neoplasm	0.3331758155189921			0.0		0.0	
ETV1	ENSG00000006468	ok	ETV1	ETS variant transcription factor 1	protein_coding	SM:Approved Drug:FALSE; SM:Advanced Clinical:FALSE; SM:Phase 1 Clinical:FALSE; SM:Structure with Ligand:FALSE; SM:High-Quality Ligand:FALSE; SM:High-Quality Pocket:FALSE; SM:Med-Quality Pocket:FALSE; SM:Druggable Family:FALSE; AB:Approved Drug:FALSE; AB:Advanced Clinical:FALSE; AB:Phase 1 Clinical:FALSE; AB:UniProt loc high conf:FALSE; AB:GO CC high conf:FALSE; AB:UniProt loc med conf:FALSE; AB:UniProt SigP or TMHMM:FALSE; AB:GO CC med conf:FALSE; AB:Human Protein Atlas loc:FALSE; PR:Approved Drug:FALSE; PR:Advanced Clinical:FALSE; PR:Phase 1 Clinical:FALSE; PR:Literature:FALSE; PR:UniProt Ubiquitination:TRUE; PR:Database Ubiquitination:FALSE; PR:Half-life Data:FALSE; PR:Small Molecule Binder:FALSE; OC:Approved Drug:FALSE; OC:Advanced Clinical:FALSE; OC:Phase 1 Clinical:FALSE	type 2 diabetes mellitus	0.4922316747140702	pancreatic ductal adenocarcinoma	0.28151759884328	0.0		0.0	
SERPINB3	ENSG00000057149	ok	SERPINB3	serpin family B member 3	protein_coding	SM:Approved Drug:FALSE; SM:Advanced Clinical:FALSE; SM:Phase 1 Clinical:FALSE; SM:Structure with Ligand:FALSE; SM:High-Quality Ligand:FALSE; SM:High-Quality Pocket:FALSE; SM:Med-Quality Pocket:FALSE; SM:Druggable Family:FALSE; AB:Approved Drug:FALSE; AB:Advanced Clinical:FALSE; AB:Phase 1 Clinical:FALSE; AB:UniProt loc high conf:FALSE; AB:GO CC high conf:TRUE; AB:UniProt loc med conf:FALSE; AB:UniProt SigP or TMHMM:FALSE; AB:GO CC med conf:FALSE; AB:Human Protein Atlas loc:FALSE; PR:Approved Drug:FALSE; PR:Advanced Clinical:FALSE; PR:Phase 1 Clinical:FALSE; PR:Literature:FALSE; PR:UniProt Ubiquitination:FALSE; PR:Database Ubiquitination:FALSE; PR:Half-life Data:FALSE; PR:Small Molecule Binder:FALSE; OC:Approved Drug:FALSE; OC:Advanced Clinical:FALSE; OC:Phase 1 Clinical:FALSE	cervical carcinoma	0.256598335550897	pancreatic neoplasm	0.0338920735820327	0.0		0.0	
ANO5	ENSG00000171714	ok	ANO5	anoctamin 5	protein_coding	SM:Approved Drug:FALSE; SM:Advanced Clinical:FALSE; SM:Phase 1 Clinical:FALSE; SM:Structure with Ligand:FALSE; SM:High-Quality Ligand:FALSE; SM:High-Quality Pocket:FALSE; SM:Med-Quality Pocket:FALSE; SM:Druggable Family:FALSE; AB:Approved Drug:FALSE; AB:Advanced Clinical:FALSE; AB:Phase 1 Clinical:FALSE; AB:UniProt loc high conf:TRUE; AB:GO CC high conf:TRUE; AB:UniProt loc med conf:FALSE; AB:UniProt SigP or TMHMM:TRUE; AB:GO CC med conf:FALSE; AB:Human Protein Atlas loc:FALSE; PR:Approved Drug:FALSE; PR:Advanced Clinical:FALSE; PR:Phase 1 Clinical:FALSE; PR:Literature:FALSE; PR:UniProt Ubiquitination:FALSE; PR:Database Ubiquitination:TRUE; PR:Half-life Data:FALSE; PR:Small Molecule Binder:FALSE; OC:Approved Drug:FALSE; OC:Advanced Clinical:FALSE; OC:Phase 1 Clinical:FALSE	autosomal recessive limb-girdle muscular dystrophy type 2L	0.8363983427273395			0.0		0.0	
PLCB1	ENSG00000182621	ok	PLCB1	phospholipase C beta 1	protein_coding	SM:Approved Drug:FALSE; SM:Advanced Clinical:FALSE; SM:Phase 1 Clinical:FALSE; SM:Structure with Ligand:FALSE; SM:High-Quality Ligand:FALSE; SM:High-Quality Pocket:FALSE; SM:Med-Quality Pocket:FALSE; SM:Druggable Family:FALSE; AB:Approved Drug:FALSE; AB:Advanced Clinical:FALSE; AB:Phase 1 Clinical:FALSE; AB:UniProt loc high conf:FALSE; AB:GO CC high conf:FALSE; AB:UniProt loc med conf:FALSE; AB:UniProt SigP or TMHMM:FALSE; AB:GO CC med conf:FALSE; AB:Human Protein Atlas loc:TRUE; PR:Approved Drug:FALSE; PR:Advanced Clinical:FALSE; PR:Phase 1 Clinical:FALSE; PR:Literature:FALSE; PR:UniProt Ubiquitination:FALSE; PR:Database Ubiquitination:TRUE; PR:Half-life Data:TRUE; PR:Small Molecule Binder:FALSE; OC:Approved Drug:FALSE; OC:Advanced Clinical:FALSE; OC:Phase 1 Clinical:FALSE	developmental and epileptic encephalopathy, 12	0.7571860604927544			0.0		0.0	
ATP2C1	ENSG00000017260	ok	ATP2C1	ATPase secretory pathway Ca2+ transporting 1	protein_coding	SM:Approved Drug:FALSE; SM:Advanced Clinical:FALSE; SM:Phase 1 Clinical:FALSE; SM:Structure with Ligand:TRUE; SM:High-Quality Ligand:FALSE; SM:High-Quality Pocket:FALSE; SM:Med-Quality Pocket:FALSE; SM:Druggable Family:TRUE; AB:Approved Drug:FALSE; AB:Advanced Clinical:FALSE; AB:Phase 1 Clinical:FALSE; AB:UniProt loc high conf:FALSE; AB:GO CC high conf:FALSE; AB:UniProt loc med conf:FALSE; AB:UniProt SigP or TMHMM:TRUE; AB:GO CC med conf:TRUE; AB:Human Protein Atlas loc:FALSE; PR:Approved Drug:FALSE; PR:Advanced Clinical:FALSE; PR:Phase 1 Clinical:FALSE; PR:Literature:FALSE; PR:UniProt Ubiquitination:FALSE; PR:Database Ubiquitination:TRUE; PR:Half-life Data:TRUE; PR:Small Molecule Binder:FALSE; OC:Approved Drug:FALSE; OC:Advanced Clinical:FALSE; OC:Phase 1 Clinical:FALSE	Hailey-Hailey disease	0.7489001630413048			0.0		0.0	
PARP9	ENSG00000138496	ok	PARP9	poly(ADP-ribose) polymerase family member 9	protein_coding	SM:Approved Drug:FALSE; SM:Advanced Clinical:FALSE; SM:Phase 1 Clinical:FALSE; SM:Structure with Ligand:FALSE; SM:High-Quality Ligand:FALSE; SM:High-Quality Pocket:FALSE; SM:Med-Quality Pocket:FALSE; SM:Druggable Family:FALSE; AB:Approved Drug:FALSE; AB:Advanced Clinical:FALSE; AB:Phase 1 Clinical:FALSE; AB:UniProt loc high conf:FALSE; AB:GO CC high conf:FALSE; AB:UniProt loc med conf:FALSE; AB:UniProt SigP or TMHMM:FALSE; AB:GO CC med conf:FALSE; AB:Human Protein Atlas loc:FALSE; PR:Approved Drug:FALSE; PR:Advanced Clinical:FALSE; PR:Phase 1 Clinical:FALSE; PR:Literature:FALSE; PR:UniProt Ubiquitination:FALSE; PR:Database Ubiquitination:TRUE; PR:Half-life Data:TRUE; PR:Small Molecule Binder:TRUE; OC:Approved Drug:FALSE; OC:Advanced Clinical:FALSE; OC:Phase 1 Clinical:FALSE	COVID-19	0.3745334132824044			0.0		0.0	
CD276	ENSG00000103855	ok	CD276	CD276 molecule	protein_coding	SM:Approved Drug:FALSE; SM:Advanced Clinical:FALSE; SM:Phase 1 Clinical:FALSE; SM:Structure with Ligand:FALSE; SM:High-Quality Ligand:FALSE; SM:High-Quality Pocket:FALSE; SM:Med-Quality Pocket:FALSE; SM:Druggable Family:FALSE; AB:Approved Drug:FALSE; AB:Advanced Clinical:TRUE; AB:Phase 1 Clinical:FALSE; AB:UniProt loc high conf:FALSE; AB:GO CC high conf:FALSE; AB:UniProt loc med conf:FALSE; AB:UniProt SigP or TMHMM:TRUE; AB:GO CC med conf:FALSE; AB:Human Protein Atlas loc:FALSE; PR:Approved Drug:FALSE; PR:Advanced Clinical:FALSE; PR:Phase 1 Clinical:FALSE; PR:Literature:FALSE; PR:UniProt Ubiquitination:FALSE; PR:Database Ubiquitination:TRUE; PR:Half-life Data:TRUE; PR:Small Molecule Binder:FALSE; OC:Approved Drug:FALSE; OC:Advanced Clinical:FALSE; OC:Phase 1 Clinical:FALSE	response to statin	0.3179663144642068	pancreatic neoplasm	0.1138697640341487	2.0	ENOBLITUZUMAB:head and neck squamous cell carcinoma,prostate cancer,solid tumour/cancer,metastatic malignant neoplasm,cancer,urothelial cancer,ovarian cancer,malignant pancreatic neoplasm,soft tissue sarcoma,thyroid cancer,clear cell renal carcinoma,non-small cell lung carcinoma,mesothelioma,malignant colon neoplasm,triple-negative breast carcinoma,melanoma,rhabdomyosarcoma,Ewing sarcoma,neuroblastoma,desmoplastic small round cell tumor,osteosarcoma,Wilms tumor,primary peritoneal carcinoma,fallopian tube cancer:PHASE_2_3; 8H9 131I:brain cancer,solid tumour/cancer:PHASE_1	1.0	ENOBLITUZUMAB:head and neck squamous cell carcinoma,prostate cancer,solid tumour/cancer,metastatic malignant neoplasm,cancer,urothelial cancer,ovarian cancer,malignant pancreatic neoplasm,soft tissue sarcoma,thyroid cancer,clear cell renal carcinoma,non-small cell lung carcinoma,mesothelioma,malignant colon neoplasm,triple-negative breast carcinoma,melanoma,rhabdomyosarcoma,Ewing sarcoma,neuroblastoma,desmoplastic small round cell tumor,osteosarcoma,Wilms tumor,primary peritoneal carcinoma,fallopian tube cancer:PHASE_2_3
F5	ENSG00000198734	ok	F5	coagulation factor V	protein_coding	SM:Approved Drug:FALSE; SM:Advanced Clinical:FALSE; SM:Phase 1 Clinical:FALSE; SM:Structure with Ligand:TRUE; SM:High-Quality Ligand:TRUE; SM:High-Quality Pocket:FALSE; SM:Med-Quality Pocket:FALSE; SM:Druggable Family:FALSE; AB:Approved Drug:FALSE; AB:Advanced Clinical:FALSE; AB:Phase 1 Clinical:FALSE; AB:UniProt loc high conf:FALSE; AB:GO CC high conf:TRUE; AB:UniProt loc med conf:TRUE; AB:UniProt SigP or TMHMM:TRUE; AB:GO CC med conf:FALSE; AB:Human Protein Atlas loc:FALSE; PR:Approved Drug:FALSE; PR:Advanced Clinical:FALSE; PR:Phase 1 Clinical:FALSE; PR:Literature:FALSE; PR:UniProt Ubiquitination:FALSE; PR:Database Ubiquitination:FALSE; PR:Half-life Data:TRUE; PR:Small Molecule Binder:TRUE; OC:Approved Drug:TRUE; OC:Advanced Clinical:FALSE; OC:Phase 1 Clinical:FALSE	thrombophilia due to activated protein C resistance	0.7960381692996238			1.0	DROTRECOGIN ALFA (ACTIVATED):Recurrent thrombophlebitis,cerebrovascular ischaemia,severe sepsis,Sepsis,Multiple Organ Failure,septic shock,acute ischemic stroke,acute respiratory distress syndrome,acute lung injury,pulmonary embolism,multiple organ dysfunction,ischemic stroke,chronic kidney disease,pulmonary inflammation,preeclampsia,organ dysfunction,lung inflammation:APPROVAL	0.0	
SIDT2	ENSG00000149577	ok	SIDT2	SID1 transmembrane family member 2	protein_coding	SM:Approved Drug:FALSE; SM:Advanced Clinical:FALSE; SM:Phase 1 Clinical:FALSE; SM:Structure with Ligand:FALSE; SM:High-Quality Ligand:FALSE; SM:High-Quality Pocket:FALSE; SM:Med-Quality Pocket:FALSE; SM:Druggable Family:FALSE; AB:Approved Drug:FALSE; AB:Advanced Clinical:FALSE; AB:Phase 1 Clinical:FALSE; AB:UniProt loc high conf:TRUE; AB:GO CC high conf:TRUE; AB:UniProt loc med conf:FALSE; AB:UniProt SigP or TMHMM:TRUE; AB:GO CC med conf:FALSE; AB:Human Protein Atlas loc:FALSE; PR:Approved Drug:FALSE; PR:Advanced Clinical:FALSE; PR:Phase 1 Clinical:FALSE; PR:Literature:FALSE; PR:UniProt Ubiquitination:FALSE; PR:Database Ubiquitination:TRUE; PR:Half-life Data:TRUE; PR:Small Molecule Binder:FALSE; OC:Approved Drug:FALSE; OC:Advanced Clinical:FALSE; OC:Phase 1 Clinical:FALSE	hypothyroidism	0.3035167941345397			0.0		0.0	
DNAJB4	ENSG00000162616	ok	DNAJB4	DnaJ heat shock protein family (Hsp40) member B4	protein_coding	SM:Approved Drug:FALSE; SM:Advanced Clinical:FALSE; SM:Phase 1 Clinical:FALSE; SM:Structure with Ligand:FALSE; SM:High-Quality Ligand:FALSE; SM:High-Quality Pocket:FALSE; SM:Med-Quality Pocket:FALSE; SM:Druggable Family:FALSE; AB:Approved Drug:FALSE; AB:Advanced Clinical:FALSE; AB:Phase 1 Clinical:FALSE; AB:UniProt loc high conf:TRUE; AB:GO CC high conf:TRUE; AB:UniProt loc med conf:FALSE; AB:UniProt SigP or TMHMM:FALSE; AB:GO CC med conf:FALSE; AB:Human Protein Atlas loc:TRUE; PR:Approved Drug:FALSE; PR:Advanced Clinical:FALSE; PR:Phase 1 Clinical:FALSE; PR:Literature:FALSE; PR:UniProt Ubiquitination:FALSE; PR:Database Ubiquitination:TRUE; PR:Half-life Data:TRUE; PR:Small Molecule Binder:FALSE; OC:Approved Drug:FALSE; OC:Advanced Clinical:FALSE; OC:Phase 1 Clinical:FALSE	congenital myopathy 21 with early respiratory failure	0.6651433872358091			0.0		0.0	
STON1	ENSG00000243244	ok	STON1	stonin 1	protein_coding	SM:Approved Drug:FALSE; SM:Advanced Clinical:FALSE; SM:Phase 1 Clinical:FALSE; SM:Structure with Ligand:FALSE; SM:High-Quality Ligand:FALSE; SM:High-Quality Pocket:FALSE; SM:Med-Quality Pocket:FALSE; SM:Druggable Family:FALSE; AB:Approved Drug:FALSE; AB:Advanced Clinical:FALSE; AB:Phase 1 Clinical:FALSE; AB:UniProt loc high conf:FALSE; AB:GO CC high conf:FALSE; AB:UniProt loc med conf:FALSE; AB:UniProt SigP or TMHMM:FALSE; AB:GO CC med conf:FALSE; AB:Human Protein Atlas loc:FALSE; PR:Approved Drug:FALSE; PR:Advanced Clinical:FALSE; PR:Phase 1 Clinical:FALSE; PR:Literature:FALSE; PR:UniProt Ubiquitination:FALSE; PR:Database Ubiquitination:TRUE; PR:Half-life Data:FALSE; PR:Small Molecule Binder:FALSE; OC:Approved Drug:FALSE; OC:Advanced Clinical:FALSE; OC:Phase 1 Clinical:FALSE	ovarian neoplasm	0.2855088447678234	pancreatic ductal adenocarcinoma	0.0090476616265929	0.0		0.0	
CHMP5	ENSG00000086065	ok	CHMP5	charged multivesicular body protein 5	protein_coding	SM:Approved Drug:FALSE; SM:Advanced Clinical:FALSE; SM:Phase 1 Clinical:FALSE; SM:Structure with Ligand:FALSE; SM:High-Quality Ligand:FALSE; SM:High-Quality Pocket:FALSE; SM:Med-Quality Pocket:FALSE; SM:Druggable Family:FALSE; AB:Approved Drug:FALSE; AB:Advanced Clinical:FALSE; AB:Phase 1 Clinical:FALSE; AB:UniProt loc high conf:TRUE; AB:GO CC high conf:TRUE; AB:UniProt loc med conf:FALSE; AB:UniProt SigP or TMHMM:FALSE; AB:GO CC med conf:FALSE; AB:Human Protein Atlas loc:FALSE; PR:Approved Drug:FALSE; PR:Advanced Clinical:FALSE; PR:Phase 1 Clinical:FALSE; PR:Literature:FALSE; PR:UniProt Ubiquitination:TRUE; PR:Database Ubiquitination:TRUE; PR:Half-life Data:TRUE; PR:Small Molecule Binder:FALSE; OC:Approved Drug:FALSE; OC:Advanced Clinical:FALSE; OC:Phase 1 Clinical:FALSE	HIV infectious disease	0.4619748183558772			0.0		0.0	
MTMR12	ENSG00000150712	ok	MTMR12	myotubularin related protein 12	protein_coding	SM:Approved Drug:FALSE; SM:Advanced Clinical:FALSE; SM:Phase 1 Clinical:FALSE; SM:Structure with Ligand:FALSE; SM:High-Quality Ligand:FALSE; SM:High-Quality Pocket:FALSE; SM:Med-Quality Pocket:FALSE; SM:Druggable Family:FALSE; AB:Approved Drug:FALSE; AB:Advanced Clinical:FALSE; AB:Phase 1 Clinical:FALSE; AB:UniProt loc high conf:FALSE; AB:GO CC high conf:FALSE; AB:UniProt loc med conf:FALSE; AB:UniProt SigP or TMHMM:FALSE; AB:GO CC med conf:FALSE; AB:Human Protein Atlas loc:FALSE; PR:Approved Drug:FALSE; PR:Advanced Clinical:FALSE; PR:Phase 1 Clinical:FALSE; PR:Literature:FALSE; PR:UniProt Ubiquitination:FALSE; PR:Database Ubiquitination:TRUE; PR:Half-life Data:TRUE; PR:Small Molecule Binder:FALSE; OC:Approved Drug:FALSE; OC:Advanced Clinical:FALSE; OC:Phase 1 Clinical:FALSE	neurodegenerative disease	0.4817875680721332			0.0		0.0	
FGD6	ENSG00000180263	ok	FGD6	FYVE, RhoGEF and PH domain containing 6	protein_coding	SM:Approved Drug:FALSE; SM:Advanced Clinical:FALSE; SM:Phase 1 Clinical:FALSE; SM:Structure with Ligand:FALSE; SM:High-Quality Ligand:FALSE; SM:High-Quality Pocket:FALSE; SM:Med-Quality Pocket:FALSE; SM:Druggable Family:FALSE; AB:Approved Drug:FALSE; AB:Advanced Clinical:FALSE; AB:Phase 1 Clinical:FALSE; AB:UniProt loc high conf:FALSE; AB:GO CC high conf:FALSE; AB:UniProt loc med conf:FALSE; AB:UniProt SigP or TMHMM:FALSE; AB:GO CC med conf:FALSE; AB:Human Protein Atlas loc:FALSE; PR:Approved Drug:FALSE; PR:Advanced Clinical:FALSE; PR:Phase 1 Clinical:FALSE; PR:Literature:FALSE; PR:UniProt Ubiquitination:FALSE; PR:Database Ubiquitination:TRUE; PR:Half-life Data:FALSE; PR:Small Molecule Binder:FALSE; OC:Approved Drug:FALSE; OC:Advanced Clinical:FALSE; OC:Phase 1 Clinical:FALSE	coronary artery disorder	0.3934236140987683	pancreatic ductal adenocarcinoma	0.01188568812666	0.0		0.0	
LYVE1	ENSG00000133800	ok	LYVE1	lymphatic vessel endothelial hyaluronan receptor 1	protein_coding	SM:Approved Drug:FALSE; SM:Advanced Clinical:FALSE; SM:Phase 1 Clinical:FALSE; SM:Structure with Ligand:TRUE; SM:High-Quality Ligand:FALSE; SM:High-Quality Pocket:FALSE; SM:Med-Quality Pocket:FALSE; SM:Druggable Family:FALSE; AB:Approved Drug:FALSE; AB:Advanced Clinical:FALSE; AB:Phase 1 Clinical:FALSE; AB:UniProt loc high conf:TRUE; AB:GO CC high conf:TRUE; AB:UniProt loc med conf:FALSE; AB:UniProt SigP or TMHMM:TRUE; AB:GO CC med conf:FALSE; AB:Human Protein Atlas loc:FALSE; PR:Approved Drug:FALSE; PR:Advanced Clinical:FALSE; PR:Phase 1 Clinical:FALSE; PR:Literature:FALSE; PR:UniProt Ubiquitination:FALSE; PR:Database Ubiquitination:FALSE; PR:Half-life Data:FALSE; PR:Small Molecule Binder:FALSE; OC:Approved Drug:FALSE; OC:Advanced Clinical:FALSE; OC:Phase 1 Clinical:FALSE	neurodegenerative disease	0.3401549460628238			0.0		0.0	
EIF4E2	ENSG00000135930	ok	EIF4E2	eukaryotic translation initiation factor 4E family member 2	protein_coding	SM:Approved Drug:FALSE; SM:Advanced Clinical:FALSE; SM:Phase 1 Clinical:FALSE; SM:Structure with Ligand:TRUE; SM:High-Quality Ligand:FALSE; SM:High-Quality Pocket:FALSE; SM:Med-Quality Pocket:TRUE; SM:Druggable Family:FALSE; AB:Approved Drug:FALSE; AB:Advanced Clinical:FALSE; AB:Phase 1 Clinical:FALSE; AB:UniProt loc high conf:FALSE; AB:GO CC high conf:FALSE; AB:UniProt loc med conf:FALSE; AB:UniProt SigP or TMHMM:FALSE; AB:GO CC med conf:FALSE; AB:Human Protein Atlas loc:FALSE; PR:Approved Drug:FALSE; PR:Advanced Clinical:FALSE; PR:Phase 1 Clinical:FALSE; PR:Literature:FALSE; PR:UniProt Ubiquitination:TRUE; PR:Database Ubiquitination:TRUE; PR:Half-life Data:FALSE; PR:Small Molecule Binder:FALSE; OC:Approved Drug:FALSE; OC:Advanced Clinical:FALSE; OC:Phase 1 Clinical:FALSE	coronary atherosclerosis	0.1631689801509728			0.0		0.0	
SLCO1B3	ENSG00000111700	ok	SLCO1B3	solute carrier organic anion transporter family member 1B3	protein_coding	SM:Approved Drug:FALSE; SM:Advanced Clinical:FALSE; SM:Phase 1 Clinical:FALSE; SM:Structure with Ligand:TRUE; SM:High-Quality Ligand:FALSE; SM:High-Quality Pocket:FALSE; SM:Med-Quality Pocket:FALSE; SM:Druggable Family:FALSE; AB:Approved Drug:FALSE; AB:Advanced Clinical:FALSE; AB:Phase 1 Clinical:FALSE; AB:UniProt loc high conf:TRUE; AB:GO CC high conf:TRUE; AB:UniProt loc med conf:FALSE; AB:UniProt SigP or TMHMM:TRUE; AB:GO CC med conf:FALSE; AB:Human Protein Atlas loc:TRUE; PR:Approved Drug:FALSE; PR:Advanced Clinical:FALSE; PR:Phase 1 Clinical:FALSE; PR:Literature:FALSE; PR:UniProt Ubiquitination:FALSE; PR:Database Ubiquitination:TRUE; PR:Half-life Data:FALSE; PR:Small Molecule Binder:TRUE; OC:Approved Drug:FALSE; OC:Advanced Clinical:FALSE; OC:Phase 1 Clinical:FALSE	Rotor syndrome	0.6654716018752292			0.0		0.0	
PTTG1IP	ENSG00000183255	ok	PTTG1IP	PTTG1 interacting protein	protein_coding	SM:Approved Drug:FALSE; SM:Advanced Clinical:FALSE; SM:Phase 1 Clinical:FALSE; SM:Structure with Ligand:FALSE; SM:High-Quality Ligand:FALSE; SM:High-Quality Pocket:FALSE; SM:Med-Quality Pocket:FALSE; SM:Druggable Family:FALSE; AB:Approved Drug:FALSE; AB:Advanced Clinical:FALSE; AB:Phase 1 Clinical:FALSE; AB:UniProt loc high conf:FALSE; AB:GO CC high conf:FALSE; AB:UniProt loc med conf:FALSE; AB:UniProt SigP or TMHMM:TRUE; AB:GO CC med conf:FALSE; AB:Human Protein Atlas loc:FALSE; PR:Approved Drug:FALSE; PR:Advanced Clinical:FALSE; PR:Phase 1 Clinical:FALSE; PR:Literature:FALSE; PR:UniProt Ubiquitination:FALSE; PR:Database Ubiquitination:TRUE; PR:Half-life Data:TRUE; PR:Small Molecule Binder:FALSE; OC:Approved Drug:FALSE; OC:Advanced Clinical:FALSE; OC:Phase 1 Clinical:FALSE	alcohol drinking	0.2317580383488591			0.0		0.0	
SLC1A1	ENSG00000106688	ok	SLC1A1	solute carrier family 1 member 1	protein_coding	SM:Approved Drug:FALSE; SM:Advanced Clinical:FALSE; SM:Phase 1 Clinical:FALSE; SM:Structure with Ligand:TRUE; SM:High-Quality Ligand:TRUE; SM:High-Quality Pocket:FALSE; SM:Med-Quality Pocket:FALSE; SM:Druggable Family:TRUE; AB:Approved Drug:FALSE; AB:Advanced Clinical:FALSE; AB:Phase 1 Clinical:FALSE; AB:UniProt loc high conf:TRUE; AB:GO CC high conf:TRUE; AB:UniProt loc med conf:FALSE; AB:UniProt SigP or TMHMM:TRUE; AB:GO CC med conf:FALSE; AB:Human Protein Atlas loc:FALSE; PR:Approved Drug:FALSE; PR:Advanced Clinical:FALSE; PR:Phase 1 Clinical:FALSE; PR:Literature:FALSE; PR:UniProt Ubiquitination:FALSE; PR:Database Ubiquitination:TRUE; PR:Half-life Data:TRUE; PR:Small Molecule Binder:TRUE; OC:Approved Drug:FALSE; OC:Advanced Clinical:FALSE; OC:Phase 1 Clinical:FALSE	dicarboxylic aminoaciduria	0.6276489831157227			0.0		0.0	
UXS1	ENSG00000115652	ok	UXS1	UDP-glucuronate decarboxylase 1	protein_coding	SM:Approved Drug:FALSE; SM:Advanced Clinical:FALSE; SM:Phase 1 Clinical:FALSE; SM:Structure with Ligand:TRUE; SM:High-Quality Ligand:FALSE; SM:High-Quality Pocket:FALSE; SM:Med-Quality Pocket:TRUE; SM:Druggable Family:FALSE; AB:Approved Drug:FALSE; AB:Advanced Clinical:FALSE; AB:Phase 1 Clinical:FALSE; AB:UniProt loc high conf:FALSE; AB:GO CC high conf:FALSE; AB:UniProt loc med conf:FALSE; AB:UniProt SigP or TMHMM:TRUE; AB:GO CC med conf:FALSE; AB:Human Protein Atlas loc:FALSE; PR:Approved Drug:FALSE; PR:Advanced Clinical:FALSE; PR:Phase 1 Clinical:FALSE; PR:Literature:FALSE; PR:UniProt Ubiquitination:FALSE; PR:Database Ubiquitination:FALSE; PR:Half-life Data:TRUE; PR:Small Molecule Binder:FALSE; OC:Approved Drug:FALSE; OC:Advanced Clinical:FALSE; OC:Phase 1 Clinical:FALSE	neurodegenerative disease	0.3695798546847018			0.0		0.0	
C5ORF34		no_ensembl												
LRRC31	ENSG00000114248	ok	LRRC31	leucine rich repeat containing 31	protein_coding	SM:Approved Drug:FALSE; SM:Advanced Clinical:FALSE; SM:Phase 1 Clinical:FALSE; SM:Structure with Ligand:FALSE; SM:High-Quality Ligand:FALSE; SM:High-Quality Pocket:FALSE; SM:Med-Quality Pocket:FALSE; SM:Druggable Family:FALSE; AB:Approved Drug:FALSE; AB:Advanced Clinical:FALSE; AB:Phase 1 Clinical:FALSE; AB:UniProt loc high conf:FALSE; AB:GO CC high conf:FALSE; AB:UniProt loc med conf:FALSE; AB:UniProt SigP or TMHMM:FALSE; AB:GO CC med conf:FALSE; AB:Human Protein Atlas loc:FALSE; PR:Approved Drug:FALSE; PR:Advanced Clinical:FALSE; PR:Phase 1 Clinical:FALSE; PR:Literature:FALSE; PR:UniProt Ubiquitination:FALSE; PR:Database Ubiquitination:FALSE; PR:Half-life Data:FALSE; PR:Small Molecule Binder:FALSE; OC:Approved Drug:FALSE; OC:Advanced Clinical:FALSE; OC:Phase 1 Clinical:FALSE	premature birth	0.2924234478918957	exocrine pancreatic carcinoma	0.001870964507096	0.0		0.0	
KRT15	ENSG00000171346	ok	KRT15	keratin 15	protein_coding	SM:Approved Drug:FALSE; SM:Advanced Clinical:FALSE; SM:Phase 1 Clinical:FALSE; SM:Structure with Ligand:FALSE; SM:High-Quality Ligand:FALSE; SM:High-Quality Pocket:FALSE; SM:Med-Quality Pocket:FALSE; SM:Druggable Family:FALSE; AB:Approved Drug:FALSE; AB:Advanced Clinical:FALSE; AB:Phase 1 Clinical:FALSE; AB:UniProt loc high conf:FALSE; AB:GO CC high conf:FALSE; AB:UniProt loc med conf:FALSE; AB:UniProt SigP or TMHMM:FALSE; AB:GO CC med conf:FALSE; AB:Human Protein Atlas loc:FALSE; PR:Approved Drug:FALSE; PR:Advanced Clinical:FALSE; PR:Phase 1 Clinical:FALSE; PR:Literature:FALSE; PR:UniProt Ubiquitination:TRUE; PR:Database Ubiquitination:TRUE; PR:Half-life Data:FALSE; PR:Small Molecule Binder:FALSE; OC:Approved Drug:FALSE; OC:Advanced Clinical:FALSE; OC:Phase 1 Clinical:FALSE	Varicose veins	0.1755396677641619			0.0		0.0	
CTTN	ENSG00000085733	ok	CTTN	cortactin	protein_coding	SM:Approved Drug:FALSE; SM:Advanced Clinical:FALSE; SM:Phase 1 Clinical:FALSE; SM:Structure with Ligand:FALSE; SM:High-Quality Ligand:FALSE; SM:High-Quality Pocket:FALSE; SM:Med-Quality Pocket:FALSE; SM:Druggable Family:FALSE; AB:Approved Drug:FALSE; AB:Advanced Clinical:FALSE; AB:Phase 1 Clinical:FALSE; AB:UniProt loc high conf:TRUE; AB:GO CC high conf:TRUE; AB:UniProt loc med conf:FALSE; AB:UniProt SigP or TMHMM:FALSE; AB:GO CC med conf:FALSE; AB:Human Protein Atlas loc:TRUE; PR:Approved Drug:FALSE; PR:Advanced Clinical:FALSE; PR:Phase 1 Clinical:FALSE; PR:Literature:FALSE; PR:UniProt Ubiquitination:TRUE; PR:Database Ubiquitination:TRUE; PR:Half-life Data:TRUE; PR:Small Molecule Binder:FALSE; OC:Approved Drug:FALSE; OC:Advanced Clinical:FALSE; OC:Phase 1 Clinical:FALSE	drug allergy	0.3313062197620473			0.0		0.0	
SELK		no_ensembl												
IYD	ENSG00000009765	ok	IYD	iodotyrosine deiodinase	protein_coding	SM:Approved Drug:FALSE; SM:Advanced Clinical:FALSE; SM:Phase 1 Clinical:FALSE; SM:Structure with Ligand:TRUE; SM:High-Quality Ligand:FALSE; SM:High-Quality Pocket:FALSE; SM:Med-Quality Pocket:FALSE; SM:Druggable Family:FALSE; AB:Approved Drug:FALSE; AB:Advanced Clinical:FALSE; AB:Phase 1 Clinical:FALSE; AB:UniProt loc high conf:TRUE; AB:GO CC high conf:TRUE; AB:UniProt loc med conf:FALSE; AB:UniProt SigP or TMHMM:TRUE; AB:GO CC med conf:FALSE; AB:Human Protein Atlas loc:TRUE; PR:Approved Drug:FALSE; PR:Advanced Clinical:FALSE; PR:Phase 1 Clinical:FALSE; PR:Literature:FALSE; PR:UniProt Ubiquitination:FALSE; PR:Database Ubiquitination:FALSE; PR:Half-life Data:FALSE; PR:Small Molecule Binder:FALSE; OC:Approved Drug:FALSE; OC:Advanced Clinical:FALSE; OC:Phase 1 Clinical:FALSE	familial thyroid dyshormonogenesis	0.650832117414748			0.0		0.0	
PDK4	ENSG00000004799	ok	PDK4	pyruvate dehydrogenase kinase 4	protein_coding	SM:Approved Drug:TRUE; SM:Advanced Clinical:FALSE; SM:Phase 1 Clinical:FALSE; SM:Structure with Ligand:TRUE; SM:High-Quality Ligand:TRUE; SM:High-Quality Pocket:TRUE; SM:Med-Quality Pocket:FALSE; SM:Druggable Family:FALSE; AB:Approved Drug:FALSE; AB:Advanced Clinical:FALSE; AB:Phase 1 Clinical:FALSE; AB:UniProt loc high conf:FALSE; AB:GO CC high conf:FALSE; AB:UniProt loc med conf:FALSE; AB:UniProt SigP or TMHMM:FALSE; AB:GO CC med conf:FALSE; AB:Human Protein Atlas loc:FALSE; PR:Approved Drug:FALSE; PR:Advanced Clinical:FALSE; PR:Phase 1 Clinical:FALSE; PR:Literature:FALSE; PR:UniProt Ubiquitination:FALSE; PR:Database Ubiquitination:TRUE; PR:Half-life Data:FALSE; PR:Small Molecule Binder:TRUE; OC:Approved Drug:FALSE; OC:Advanced Clinical:FALSE; OC:Phase 1 Clinical:FALSE	neurodegenerative disease	0.2893300544997552			1.0	SODIUM DICHLOROACETATE:Congenital lactic acidosis,congenital lactic acidemia,open-heart surgical procedures:PHASE_3	0.0	
KCNE3	ENSG00000175538	ok	KCNE3	potassium voltage-gated channel subfamily E regulatory subunit 3	protein_coding	SM:Approved Drug:FALSE; SM:Advanced Clinical:FALSE; SM:Phase 1 Clinical:FALSE; SM:Structure with Ligand:TRUE; SM:High-Quality Ligand:FALSE; SM:High-Quality Pocket:FALSE; SM:Med-Quality Pocket:FALSE; SM:Druggable Family:FALSE; AB:Approved Drug:FALSE; AB:Advanced Clinical:FALSE; AB:Phase 1 Clinical:FALSE; AB:UniProt loc high conf:TRUE; AB:GO CC high conf:TRUE; AB:UniProt loc med conf:FALSE; AB:UniProt SigP or TMHMM:TRUE; AB:GO CC med conf:FALSE; AB:Human Protein Atlas loc:TRUE; PR:Approved Drug:FALSE; PR:Advanced Clinical:FALSE; PR:Phase 1 Clinical:FALSE; PR:Literature:FALSE; PR:UniProt Ubiquitination:FALSE; PR:Database Ubiquitination:FALSE; PR:Half-life Data:FALSE; PR:Small Molecule Binder:FALSE; OC:Approved Drug:FALSE; OC:Advanced Clinical:FALSE; OC:Phase 1 Clinical:FALSE	Brugada syndrome	0.2811560263454036			0.0		0.0	
BICD1	ENSG00000151746	ok	BICD1	BICD cargo adaptor 1	protein_coding	SM:Approved Drug:FALSE; SM:Advanced Clinical:FALSE; SM:Phase 1 Clinical:FALSE; SM:Structure with Ligand:FALSE; SM:High-Quality Ligand:FALSE; SM:High-Quality Pocket:FALSE; SM:Med-Quality Pocket:FALSE; SM:Druggable Family:FALSE; AB:Approved Drug:FALSE; AB:Advanced Clinical:FALSE; AB:Phase 1 Clinical:FALSE; AB:UniProt loc high conf:FALSE; AB:GO CC high conf:FALSE; AB:UniProt loc med conf:FALSE; AB:UniProt SigP or TMHMM:FALSE; AB:GO CC med conf:FALSE; AB:Human Protein Atlas loc:FALSE; PR:Approved Drug:FALSE; PR:Advanced Clinical:FALSE; PR:Phase 1 Clinical:FALSE; PR:Literature:FALSE; PR:UniProt Ubiquitination:FALSE; PR:Database Ubiquitination:TRUE; PR:Half-life Data:TRUE; PR:Small Molecule Binder:FALSE; OC:Approved Drug:FALSE; OC:Advanced Clinical:FALSE; OC:Phase 1 Clinical:FALSE	digestive system disorder	0.3347919052730511	familial pancreatic carcinoma	0.0044349582562164	0.0		0.0	
NR5A2	ENSG00000116833	ok	NR5A2	nuclear receptor subfamily 5 group A member 2	protein_coding	SM:Approved Drug:FALSE; SM:Advanced Clinical:FALSE; SM:Phase 1 Clinical:FALSE; SM:Structure with Ligand:TRUE; SM:High-Quality Ligand:TRUE; SM:High-Quality Pocket:TRUE; SM:Med-Quality Pocket:FALSE; SM:Druggable Family:TRUE; AB:Approved Drug:FALSE; AB:Advanced Clinical:FALSE; AB:Phase 1 Clinical:FALSE; AB:UniProt loc high conf:FALSE; AB:GO CC high conf:FALSE; AB:UniProt loc med conf:FALSE; AB:UniProt SigP or TMHMM:FALSE; AB:GO CC med conf:FALSE; AB:Human Protein Atlas loc:FALSE; PR:Approved Drug:FALSE; PR:Advanced Clinical:FALSE; PR:Phase 1 Clinical:FALSE; PR:Literature:FALSE; PR:UniProt Ubiquitination:TRUE; PR:Database Ubiquitination:FALSE; PR:Half-life Data:FALSE; PR:Small Molecule Binder:TRUE; OC:Approved Drug:FALSE; OC:Advanced Clinical:FALSE; OC:Phase 1 Clinical:FALSE	neurodegenerative disease	0.4910667416148648	exocrine pancreatic carcinoma	0.4732241231136646	0.0		0.0	
INSIG1	ENSG00000186480	ok	INSIG1	insulin induced gene 1	protein_coding	SM:Approved Drug:FALSE; SM:Advanced Clinical:FALSE; SM:Phase 1 Clinical:FALSE; SM:Structure with Ligand:FALSE; SM:High-Quality Ligand:FALSE; SM:High-Quality Pocket:FALSE; SM:Med-Quality Pocket:FALSE; SM:Druggable Family:FALSE; AB:Approved Drug:FALSE; AB:Advanced Clinical:FALSE; AB:Phase 1 Clinical:FALSE; AB:UniProt loc high conf:FALSE; AB:GO CC high conf:FALSE; AB:UniProt loc med conf:FALSE; AB:UniProt SigP or TMHMM:TRUE; AB:GO CC med conf:FALSE; AB:Human Protein Atlas loc:FALSE; PR:Approved Drug:FALSE; PR:Advanced Clinical:FALSE; PR:Phase 1 Clinical:FALSE; PR:Literature:FALSE; PR:UniProt Ubiquitination:TRUE; PR:Database Ubiquitination:TRUE; PR:Half-life Data:FALSE; PR:Small Molecule Binder:FALSE; OC:Approved Drug:FALSE; OC:Advanced Clinical:FALSE; OC:Phase 1 Clinical:FALSE	neurodegenerative disease	0.4514173225027185			0.0		0.0	
HBA2	ENSG00000188536	ok	HBA2	hemoglobin subunit alpha 2	protein_coding	SM:Approved Drug:TRUE; SM:Advanced Clinical:FALSE; SM:Phase 1 Clinical:FALSE; SM:Structure with Ligand:TRUE; SM:High-Quality Ligand:TRUE; SM:High-Quality Pocket:TRUE; SM:Med-Quality Pocket:FALSE; SM:Druggable Family:FALSE; AB:Approved Drug:FALSE; AB:Advanced Clinical:FALSE; AB:Phase 1 Clinical:FALSE; AB:UniProt loc high conf:FALSE; AB:GO CC high conf:TRUE; AB:UniProt loc med conf:FALSE; AB:UniProt SigP or TMHMM:FALSE; AB:GO CC med conf:FALSE; AB:Human Protein Atlas loc:FALSE; PR:Approved Drug:FALSE; PR:Advanced Clinical:FALSE; PR:Phase 1 Clinical:FALSE; PR:Literature:FALSE; PR:UniProt Ubiquitination:FALSE; PR:Database Ubiquitination:TRUE; PR:Half-life Data:FALSE; PR:Small Molecule Binder:FALSE; OC:Approved Drug:FALSE; OC:Advanced Clinical:FALSE; OC:Phase 1 Clinical:FALSE	hemoglobin H disease	0.7765901389056432			2.0	EFAPROXIRAL:neoplasm,brain metastases,non-small cell lung carcinoma,breast cancer,malignant glioma:APPROVAL; VOXELOTOR:sickle cell disease,sickle-cell disorder,anemia,anemia (phenotype),hemolytic anemia,leg ulcers,idiopathic pulmonary fibrosis,Hypoxemia,acute lung injury,chronic kidney disease,:APPROVAL	0.0	
GPD1	ENSG00000167588	ok	GPD1	glycerol-3-phosphate dehydrogenase 1	protein_coding	SM:Approved Drug:FALSE; SM:Advanced Clinical:FALSE; SM:Phase 1 Clinical:FALSE; SM:Structure with Ligand:TRUE; SM:High-Quality Ligand:FALSE; SM:High-Quality Pocket:FALSE; SM:Med-Quality Pocket:FALSE; SM:Druggable Family:FALSE; AB:Approved Drug:FALSE; AB:Advanced Clinical:FALSE; AB:Phase 1 Clinical:FALSE; AB:UniProt loc high conf:FALSE; AB:GO CC high conf:FALSE; AB:UniProt loc med conf:FALSE; AB:UniProt SigP or TMHMM:FALSE; AB:GO CC med conf:FALSE; AB:Human Protein Atlas loc:FALSE; PR:Approved Drug:FALSE; PR:Advanced Clinical:FALSE; PR:Phase 1 Clinical:FALSE; PR:Literature:FALSE; PR:UniProt Ubiquitination:FALSE; PR:Database Ubiquitination:FALSE; PR:Half-life Data:TRUE; PR:Small Molecule Binder:FALSE; OC:Approved Drug:FALSE; OC:Advanced Clinical:FALSE; OC:Phase 1 Clinical:FALSE	transient infantile hypertriglyceridemia and hepatosteatosis	0.75386582573237			0.0		0.0	
ELF3	ENSG00000163435	ok	ELF3	E74 like ETS transcription factor 3	protein_coding	SM:Approved Drug:FALSE; SM:Advanced Clinical:FALSE; SM:Phase 1 Clinical:FALSE; SM:Structure with Ligand:FALSE; SM:High-Quality Ligand:TRUE; SM:High-Quality Pocket:FALSE; SM:Med-Quality Pocket:FALSE; SM:Druggable Family:FALSE; AB:Approved Drug:FALSE; AB:Advanced Clinical:FALSE; AB:Phase 1 Clinical:FALSE; AB:UniProt loc high conf:FALSE; AB:GO CC high conf:FALSE; AB:UniProt loc med conf:FALSE; AB:UniProt SigP or TMHMM:FALSE; AB:GO CC med conf:FALSE; AB:Human Protein Atlas loc:FALSE; PR:Approved Drug:FALSE; PR:Advanced Clinical:FALSE; PR:Phase 1 Clinical:FALSE; PR:Literature:FALSE; PR:UniProt Ubiquitination:FALSE; PR:Database Ubiquitination:TRUE; PR:Half-life Data:FALSE; PR:Small Molecule Binder:TRUE; OC:Approved Drug:FALSE; OC:Advanced Clinical:FALSE; OC:Phase 1 Clinical:FALSE	urinary bladder cancer	0.5030807593409296	pancreatic ductal adenocarcinoma	0.187088671302371	0.0		0.0	
NHS	ENSG00000188158	ok	NHS	NHS actin remodeling regulator	protein_coding	SM:Approved Drug:FALSE; SM:Advanced Clinical:FALSE; SM:Phase 1 Clinical:FALSE; SM:Structure with Ligand:FALSE; SM:High-Quality Ligand:FALSE; SM:High-Quality Pocket:FALSE; SM:Med-Quality Pocket:FALSE; SM:Druggable Family:FALSE; AB:Approved Drug:FALSE; AB:Advanced Clinical:FALSE; AB:Phase 1 Clinical:FALSE; AB:UniProt loc high conf:FALSE; AB:GO CC high conf:FALSE; AB:UniProt loc med conf:TRUE; AB:UniProt SigP or TMHMM:FALSE; AB:GO CC med conf:TRUE; AB:Human Protein Atlas loc:FALSE; PR:Approved Drug:FALSE; PR:Advanced Clinical:FALSE; PR:Phase 1 Clinical:FALSE; PR:Literature:FALSE; PR:UniProt Ubiquitination:FALSE; PR:Database Ubiquitination:FALSE; PR:Half-life Data:FALSE; PR:Small Molecule Binder:FALSE; OC:Approved Drug:FALSE; OC:Advanced Clinical:FALSE; OC:Phase 1 Clinical:FALSE	Nance-Horan syndrome	0.7952018810124335			0.0		0.0	
ANLN	ENSG00000011426	ok	ANLN	anillin, actin binding protein	protein_coding	SM:Approved Drug:FALSE; SM:Advanced Clinical:FALSE; SM:Phase 1 Clinical:FALSE; SM:Structure with Ligand:TRUE; SM:High-Quality Ligand:FALSE; SM:High-Quality Pocket:FALSE; SM:Med-Quality Pocket:FALSE; SM:Druggable Family:FALSE; AB:Approved Drug:FALSE; AB:Advanced Clinical:FALSE; AB:Phase 1 Clinical:FALSE; AB:UniProt loc high conf:FALSE; AB:GO CC high conf:FALSE; AB:UniProt loc med conf:FALSE; AB:UniProt SigP or TMHMM:FALSE; AB:GO CC med conf:FALSE; AB:Human Protein Atlas loc:FALSE; PR:Approved Drug:FALSE; PR:Advanced Clinical:FALSE; PR:Phase 1 Clinical:FALSE; PR:Literature:FALSE; PR:UniProt Ubiquitination:TRUE; PR:Database Ubiquitination:TRUE; PR:Half-life Data:FALSE; PR:Small Molecule Binder:FALSE; OC:Approved Drug:FALSE; OC:Advanced Clinical:FALSE; OC:Phase 1 Clinical:FALSE	familial idiopathic steroid-resistant nephrotic syndrome	0.6564626928964393	pancreatic neoplasm	0.0934762919548632	0.0		0.0	
GABRP	ENSG00000094755	ok	GABRP	gamma-aminobutyric acid type A receptor subunit pi	protein_coding	SM:Approved Drug:TRUE; SM:Advanced Clinical:FALSE; SM:Phase 1 Clinical:FALSE; SM:Structure with Ligand:TRUE; SM:High-Quality Ligand:TRUE; SM:High-Quality Pocket:FALSE; SM:Med-Quality Pocket:FALSE; SM:Druggable Family:TRUE; AB:Approved Drug:FALSE; AB:Advanced Clinical:FALSE; AB:Phase 1 Clinical:FALSE; AB:UniProt loc high conf:FALSE; AB:GO CC high conf:FALSE; AB:UniProt loc med conf:TRUE; AB:UniProt SigP or TMHMM:TRUE; AB:GO CC med conf:TRUE; AB:Human Protein Atlas loc:FALSE; PR:Approved Drug:FALSE; PR:Advanced Clinical:FALSE; PR:Phase 1 Clinical:FALSE; PR:Literature:FALSE; PR:UniProt Ubiquitination:FALSE; PR:Database Ubiquitination:FALSE; PR:Half-life Data:FALSE; PR:Small Molecule Binder:FALSE; OC:Approved Drug:FALSE; OC:Advanced Clinical:FALSE; OC:Phase 1 Clinical:FALSE	migraine disorder	0.621307759862223			71.0	ACAMPROSATE CALCIUM:alcohol dependence,Tourette syndrome:APPROVAL; METHOHEXITAL:anaesthesia,major depressive illness,hypotensive event:APPROVAL; REMIMAZOLAM BESYLATE:,sedation,Loss of consciousness,postoperative cognitive dysfunction,Hypoxemia,cardiac surgery,gastroenteroscopy,general anesthesia,atrial fibrillation,coronary artery disorder,breast cancer,rigid bronchoscopy,aortic valve stenosis,related organ dysfunction,hypotensive disorder,awake tracheal intubation,difficult airway,gastroscopy sedation,postoperative recovery,coronary artery bypass,cardiac surgery recovery,postoperative sedation,colonoscopic polypectomy:APPROVAL; QUAZEPAM:,insomnia:APPROVAL; LORAZEPAM:major depressive disorder,anxiety disorder,,status epilepticus,Anxiety,convulsion,generalized anxiety disorder,bipolar disorder,panic disorder,Seizure,schizophrenia,Agitation,Vertigo,repetitive status epilepticus,transient insomnia,restlessness,Pain,sedation,acute agitation,acute brain dysfunction,delirium,alcohol withdrawal,schizoaffective disorder,cancer,photosensitive epilepsy,digestive endoscopy,difficulty falling asleep,difficulty staying asleep,analgosedation,methamphetamine toxicity,down syndrome regression disorder,gamma hydroxybutyrate detoxification,gamma hydroxybutyrate withdrawal,muscular tension dysphonia,vocal tremor,spasmodic dystonia,post-traumatic stress disorder,cognition,catatonia,obsessive-compulsive disorder,mechanical ventilation,Cognitive impairment,Alzheimer disease,benign paroxysmal positional vertigo,pregnancy termination,sedation related complications,Nausea,Vomiting,late life depression,sleep disorder,insomnia,benzodiazepine and related drug dependence,antimuscarinic toxidrome,dental phobia,electrographic status epilepticus,Coma:APPROVAL; ESTAZOLAM:insomnia,,chronic insomnia:APPROVAL; CENOBAMATE:Seizure,Focal impaired awareness seizure,epilepsy,partial-onset epilepsy,partial onset seizures,primary generalized tonic-clonic seizures,focal to bilateral tonic-clonic seizures,focal aware motor seizures,partial-onset seizures,generalized tonic-clonic seizures,photosensitive epilepsy,Focal-onset seizure,acute frequent seizures,status epilepticus,focal onset epilepsy,focal epilepsy:APPROVAL; CLOBAZAM:,Lennox-Gastaut syndrome,Seizure,anxiety disorder,epilepsy,Anxiety,Atonic seizure,localized pain,Pain,Low back pain,epilepsia partialis continua,Dravet syndrome,peripheral sensitisation,central sensitisation,neuropsychological deficits,developmental and/or epileptic encephalopathy with spike-wave activation in sleep:APPROVAL; RESEQUINIL:epilepsy,Alzheimer disease:PHASE_2; ZURANOLONE:postpartum depression,,major depressive disorder,insomnia,essential tremor or related tremors,Parkinson disease,essential tremor,bipolar disorder,major depressive episode,post-stroke depression,mood disorder:APPROVAL; CLOMETHIAZOLE:Stroke:PHASE_3; CLOTIAZEPAM:anxiety disorder,Anxiety:APPROVAL; SECOBARBITAL SODIUM::UNKNOWN; ADIPIPLON:sleep-wake disorder,insomnia:PHASE_2; ENFLURANE:anaesthesia,shock-associated states,septic shock,Sepsis:APPROVAL; ISOFLURANE:anaesthesia,kidney injury,neuroinflammation,Hydrocephalus,,delirium,acute hypoxaemic respiratory failure,lung failure,sedation,aortic valve disorder,mitral valve disorder,mechanical ventilation,cardiogenic shock,laryngeal mask airway removal,acute respiratory distress syndrome,liver transplant recipients,depressive disorder,subarachnoid hemorrhage,heart valve disorder,coronary artery disorder,aortic valve insufficiency,tricuspid valve insufficiency,mitral valve insufficiency,renal impairment,abdominal surgery,postoperative cognitive decline,shock-associated states,septic shock,Sepsis,postoperative pain,cardiac surgical patients,general anesthesia,cardiopulmonary bypass,perioperative stress response,anesthesia,heart muscle injury,off-pump coronary artery bypass surgery,acute kidney injury,traumatic brain injury,acute subdural hematoma,aneurysmal subarachnoid hemorrhage,cardiac dysfunction,Arrhythmia,acute myocardial infarction,middle ear surgery,olfactory identification impairment,cognitive dysfunction,congenital heart disease,heart bypass surgery,post-operative recovery,ophthalmological surgery,time off the ventilator,mortality,ambulatory hand surgery,gynaecology surgery,status epilepticus,Anxiety,postoperative cognitive dysfunction,femoral neck fracture,inflammatory conditions,oxidative stress,skeletal muscle wasting,skeletal muscle catabolism,skeletal muscle loss,controlled hypotension:APPROVAL; MIDAZOLAM:epilepsy,,status epilepticus,Irritability,post-traumatic stress disorder,depressive disorder,Anxiety,Agitation,brain injury,bone fracture,prolonged mechanical ventilation,sedation,intensive care sedation,uncooperative behavior during dental treatment,seizure clusters,acute respiratory distress syndrome,acute pain,intubation,delirium,dental phobia,Seizure,hypertensive disorder,preoperative sedation,preoperative anxiety,sedation before anesthesia,pain agnosia,colonoscopy,sedation failure,Breech presentation,febrile status epilepticus,Convulsive status epilepticus,postoperative cognitive dysfunction,postoperative delirium,Pain,acute respiratory and myocardial failure,situational anxiety,wisdom tooth extraction,non-convulsive status epilepticus,traumatic brain injury,distress,pediatric patients admitted to Pediatric Intensive Care Unit,treatment resistant depression,cataract extraction with lens replacement,procedural sedation,major depressive disorder,discomfort,acute respiratory failure,Respiratory insufficiency,cardiogenic shock,orthopedic surgery,Cognitive impairment,emergence delirium,postoperative pain,closed limb fracture,depressive symptoms,critical illness,discomfort of intravenous cannulation,behavior modification,acute agitation,seizure activity,postoperative recovery,depressed mood,transesophageal echocardiographic examination,cerebral vasospasm,ischemic stroke,mechanical ventilation,obsessive-compulsive disorder,early childhood caries,bipolar disorder,subarachnoid haemorrhage,post-operative pain,suicidal ideation,violent behavior,endoscopic procedures,esophagogastroduodenoscopy,fear related behaviors,paradoxical reaction to midazolam,preeclampsia,laceration,intraoperative ocular pain,cataract,complex regional pain syndrome,presurgical anxiety,suicide,cocaine dependence,septic shock,chronic critical illness,prostate cancer,acute myeloid leukemia,nicotine dependence,non-suicidal self-injury,complex post traumatic stress disorder,interventional radiology procedures,seizures induced by exposure to nerve agents,solid tumor,solid tumors,acute repetitive seizures,gastrointestinal stromal tumor,renal cell carcinoma,BRAF V600 mutation-positive tumors,atopic eczema,chronic hepatitis B virus infection,non-small cell lung carcinoma,cesarean section,major depressive episode,respiratory depression,type 2 diabetes mellitus,sickle cell disease,perioperative anxiety,advanced solid tumors,myocardial injury,congenital heart disease,Inguinal hernia,Sepsis,emotional wellbeing,surgical extraction of all 4 third molars,retinopathy of prematurity,cesarean delivery,perineal pruritus,carpal tunnel syndrome,patient satisfaction,conscious sedation,anesthesia,sedation for colonoscopy,adrenocortical insufficiency,skin cancer,gastrointestinal endoscopy,rapid sequence intubation,bronchoscopy,bronchoscopy-related anxiety and discomfort,pain perception,emergence agitation,injury,pregnancy termination,patient tolerance,blood pressure drop following spinal anesthesia,transurethral surgery,sedation related complications,discomfort during endoscopic retrograde cholangiopancreatography,moderate sedation,violence,aggressive behavior,white-coat hypertension,critically-ill patients,osteoarthritis,severe sepsis,blood glucose level abnormality,distal sciatic nerve block,nerve damage,gastroscopy,inadequate sedation for colonoscopy,pediatric emergence delirium,postcraniotomy headache,postoperative headache,suspension laryngoscopic surgery,postoperative functional recovery,intensive care treatment,pediatric patients,muscle relaxation,impacted third molar,postoperative analgesia,central airway stenosis,pre-operative sedation,dental decay,sedation during endoscopic retrograde cholangiopancreatography,neuraxial anesthesia,perioperative stress,Loss of consciousness,hemodynamic instability,sleep disorder,insomnia,uncooperative behavior,benzodiazepine and related drug dependence,acute pulmonary edema,sedation during surgery,surgical sedation,post tonsillectomy pain,foot and ankle surgery,hypoxemic respiratory failure,desaturation,Hypoxemia,colonoscopy sedation,perioperative outcome,pre-operative anxiety,ocular procedures,respiratory illness,epileptiform electroencephalographic activity,atrial fibrillation,intestinal flora imbalance,respiratory failure,adenotonsillectomy,malignant arrhythmias,chronic obstructive pulmonary disease,airway reflex,recovery quality,paradoxical reaction,glioma,behavioral failure during sedation,septic encephalopathy,breast cancer,fear,acid reflux disease,Supraventricular tachycardia,vitreoretinal surgery,post-extubation respiratory failure,hospital mortality,magnetic resonance imaging,head and neck neoplasm,polyp of large intestine,difficult airway,positional pain,pertrochanteric femoral fracture,sensory perception of pain,postoperative agitation,difficulty in mask ventilation,respiratory illnesses,ventilator-associated pneumonia,upper gastrointestinal endoscopy,deep sedation,hypoxia,awake fiberoptic intubation,postoperative cognitive changes,insomnia syndrome,respiratory system disorder,perioperative pediatric anxiety,postpartum depression,Obesity,postoperative negative behavior change,electrographic status epilepticus,Coma,burns,bronchoscopic procedures,preanesthetic sedation,upper gastrointestinal endoscopic procedures,post operative nausea and vomiting,oxidative stress,angioplasty,discomfort due to flexible bronchoscopy,catatonia,autism spectrum disorder,orbital akinesia,postoperative emergence agitation:APPROVAL; TOPIRAMATE:epilepsy,migraine disorder,Lennox-Gastaut syndrome,Seizure,alcohol dependence,bipolar disorder,manic episode,mixed episode,bipolar I disorder,partial-onset seizures,obsessive-compulsive disorder,obsessive-compulsive problems,Motor tics,attention deficit-hyperactivity disorder,Tourette syndrome,type 2 diabetes mellitus,obesity disorder,inherited lipid metabolism disorder,generalized tonic-clonic seizure,essential tremor,essential hypertension,primary generalized tonic-clonic seizures,Generalized-onset seizure,partial onset seizures,partial onset epilepsy,secondarily generalized seizures,acute manic episode,Obesity,gambling behaviour,cocaine dependence,tobacco addiction,nicotine dependence,binge eating disorder,Borderline personality disorder,post-traumatic stress disorder,Overweight,polycystic ovary syndrome,impulsivity,Polyphagia,Self-injurious behavior,Prader-Willi syndrome,alcohol abuse,diabetes mellitus,Uric acid nephrolithiasis,nephrolithiasis, calcium oxalate,Calcium oxalate nephrolithiasis,non-convulsive status epilepticus,eating disorder,Addictive alcohol use,posttraumatic stress disorder,Epileptic spasm,orofacial neuropathic pain syndromes,trigeminal neuralgia,lumbar radiculopathy,Sciatica,smoking cessation,childhood absence epilepsy,multiple sclerosis,cocaine craving,Abdominal obesity,diabetic peripheral polyneuropathy,focal epilepsy,Focal-onset seizure,Parkinson disease,Dyskinesia,methamphetamine dependence,problem gambling,pathological gambling,cocaine abstinence,Cannabis use,brain ischemia,vascular dysfunction,heavy drinking,body mass index reduction,compulsive buying,cryptogenic sensory peripheral neuropathy,metabolic syndrome,weight regain,morbid obesity,ulcerative colitis,sudden sensorineural hearing loss,human immunodeficiency virus 1 infection,human immunodeficiency virus infection,migraine prophylaxis,schizoaffective disorder,Pain,Rett syndrome,generalized social phobia,alcohol withdrawal,migraine with aura,generalized tonic-clonic seizures,cannabis use disorder,bipolar mania,medication overuse headache,problem drinking,migraine-associated dizziness,bulimia nervosa,post-traumatic headache,chronic migraine,probable vestibular migraine,Neuhauser definite vestibular migraine,non-Neuhauser vestibular migraine,vestibular migraine,compulsive sexual behavior,schizophrenia,migraine without aura,obesity-associated comorbidities:APPROVAL; MEPROBAMATE:anxiety disorder,malaria,Anxiety,ischemic reperfusion injury,:APPROVAL; DIAZEPAM:Agitation,epilepsy,anxiety disorder,cerebral palsy,stiff-person syndrome,,Anxiety,acute repetitive seizure,status epilepticus,acute repetitive seizures,Seizure,Low back pain,developmental and/or epileptic encephalopathy with spike-wave activation in sleep,Landau-Kleffner syndrome,anterior cruciate ligament reconstruction,postoperative pain,rotator cuff syndrome,inflammation,Pain,seizure activity,lumbar disk prolapse,Abdominal pain,chronic pancreatitis,labor pain,prolonged labour,generalized tonic-clonic seizure,Focal impaired awareness seizure,Tinnitus,post-traumatic stress disorder,pelvic floor dysfunction,pain related to their spine condition,post-operative pain,Constipation,fecal incontinence,rheumatoid arthritis,alcohol withdrawal,sedation related complications,opioid withdrawal syndrome,impacted third molar,alcohol relapse,sleep disorder,insomnia,benzodiazepine and related drug dependence,dental phobia,pelvic floor myalgia,chronic pelvic pain,benign epilepsy with centro-temporal spikes,cataract,Back pain,levator ani syndrome,rectal pain,whiplash injury,Febrile seizure (within the age range of 3 months to 6 years),burning mouth syndrome,psychotic disorder,first trimester incomplete miscarriage,incomplete miscarriage,electrographic status epilepticus,Coma,bruxism:APPROVAL; ETIFOXINE:Anxiety,multiple sclerosis:APPROVAL; PADSEVONIL:Focal-onset seizure,epilepsy,focal epilepsy,Seizure:PHASE_3; BUTALBITAL:migraine disorder,Headache,anxiety disorder,drug dependence:APPROVAL; DARIGABAT:Chronic pain,Low back pain,generalized anxiety disorder,photosensitive epilepsy,Focal-onset seizure,panic disorder,Pain,panic symptoms,Seizure:PHASE_2; HALOTHANE:anaesthesia,shock-associated states,septic shock,Sepsis:APPROVAL; THIAMYLAL:anaesthesia:APPROVAL; CLORAZEPIC ACID:anxiety disorder:APPROVAL; CHLORDIAZEPOXIDE HYDROCHLORIDE:,palmar hyperhidrosis:APPROVAL; PRIMIDONE:epilepsy,clopidogrel resistance,essential tremor:APPROVAL; ACAMPROSATE:alcohol dependence,schizophrenia spectrum disorder,alcohol abuse,eating disorder,alcohol withdrawal,cocaine dependence,alcohol cravings,fragile X syndrome,autism,Alzheimer disease,major depressive disorder,essential tremor,alcohol-associated hepatitis,methamphetamine dependence,Tinnitus,autism spectrum disorder,amyotrophic lateral sclerosis,Addictive alcohol use,Anxiety,Compulsive behaviors:APPROVAL; TRIAZOLAM:,insomnia,ocular procedures,Anxiety,vitreoretinal surgery:APPROVAL; OXAZEPAM:Agitation,anxiety disorder,,Anxiety,smoking cessation,cocaine use disorder,human immunodeficiency virus infection,nicotine dependence,cocaine dependence,methamphetamine dependence:APPROVAL; GLUTETHIMIDE:insomnia:APPROVAL; SECOBARBITAL:intractable insomnia:APPROVAL; PENTOBARBITAL SODIUM::UNKNOWN; METHOXYFLURANE:anaesthesia,Fever,Pain,acute pain,acute trauma pain,Anxiety,,musculo-skeletal trauma,trauma pain,unstable angina pectoris:APPROVAL; CLONAZEPAM:,Seizure,panic disorder,epilepsy,localized pain,Pain,generalized convulsive status epilepticus,generalized tonicoclonic status epilepticus,status epilepticus,burning mouth syndrome,Parkinson disease,REM sleep behavior disorder,cannabis withdrawal,relapse to cannabis use,cannabis dependence,depressive disorder,Anxiety,post-traumatic stress disorder,neuropathic pain,posttraumatic stress disorder,generalized social anxiety disorder,sedation related complications,sleep disorder,insomnia,benzodiazepine and related drug dependence,dental phobia,oral mucosal pain,seizure clusters,suicide crisis syndrome,dementia,bruxism,catatonia,autism spectrum disorder:APPROVAL; TRICLOFOS SODIUM:insomnia:APPROVAL; CLORAZEPATE DIPOTASSIUM:,Seizure,anxiety disorder,migraine attack:APPROVAL; DESFLURANE:anaesthesia,post surgical morbidity,liver insufficiency,urological cystoscope surgery,upper airway complications,,early cognitive decline,postoperative delayed emergence,general anesthesia,Intellectual disability,postoperative pain,postoperative nausea,postoperative vomiting,post-operative trouble with swallowing,elderly patients undergoing long abdominal surgery,general anaesthesia,fundus surgery,postoperative morbidity,cognitive disorder,delirium,postoperative cognitive dysfunction,postoperative delirium,shock-associated states,septic shock,Sepsis,airway hyperreactivity,impaired protective airway reflexes,emergence agitation,cardiac complications,postoperative mortality,stage 5 chronic kidney disease,postoperative recovery,depression of upper airway reflexes,protective airway reflex impairment,renal ischemia/reperfusion injury,postreperfusion syndrome,pulmonary complications,neurosurgery recovery,myocardial damage,hypersplenism,lung cancer,vitrectomy,anesthesia,airway irritation,proximal femur fracture,hip fracture,patients undergoing robotic or laparoscopic gastrectomy,coronary artery disorder,post-operative recovery,pituitary gland disorder,acute kidney injury,correctional tibial osteotomy,ophthalmic ambulatory surgery,aneurysmal subarachnoid hemorrhage,intraocular pressure,morbid obesity,postoperative cognitive impairment,postoperative cognitive disorder,shoulder arthroplasty,quality of recovery from anesthesia,ischemia reperfusion injury,sedation,heart bypass surgery,adenocarcinoma of colorectal origin,ophthalmological surgery,chronic kidney disease,supratentorial tumor,cancer,postoperative sleep quality,lumbar fusion surgery,pituitary gland adenoma,postoperative kidney dysfunction,postoperative liver dysfunction,postoperative pulmonary complications,post operative nausea and vomiting,depressive disorder,Anxiety,laparoscopic colectomy,oxidative stress,patients undergoing abdominal robotic-assisted surgery,postoperative cough,postoperative hoarseness,postoperative sore throat,Obesity:APPROVAL; PROPOFOL:anaesthesia,postoperative cognitive dysfunction,post surgical morbidity,liver insufficiency,status epilepticus,brain injury,supratentorial brain tumour,cancer recurrence,breast cancer,cough reflex,need for mechanical ventilation,sedation,general anaesthesia,endometrial cancer,supratentorial lesion,acute hypoxemic respiratory failure,procedural pain,obesity disorder,hypertensive disorder,myocardial infarction,procedural sedation,Cognitive impairment,Sepsis,delirium,patients undergoing elective surgery,gastrointestinal endoscopy,gastrointestinal endoscopic polypectomy,postoperative mechanical ventilation,Pain,upper airway complications,depth of anesthesia,general anesthesia,large-vessel occlusion,ischemic stroke,respiratory failure,anesthesia,undergoing colonoscopy,respiratory distress syndrome in premature infants,newborn respiratory distress syndrome,acute respiratory distress syndrome,colorectal cancer,non-small cell lung carcinoma,neurological injury,neurocognitive dysfunction,ischemic complications,esophageal cancer,hypotensive disorder,colonoscopy,non-convulsive status epilepticus,gastroscopy,blood pressure reduction,aortic valve disorder,mitral valve disorder,postoperative mechanically ventilated patient,laparoscopic hepatectomy,pulmonary aspiration of gastric contents,discomfort,acute respiratory failure,Agitation,Anxiety,mechanical ventilation,cardiogenic shock,sedation during endoscopy,reduction in cerebral blood flow,hemodynamic instability,myocardial ischemia-reperfusion injury,type 2 diabetes mellitus,endotracheal intubation,migraine disorder,laryngeal mask airway removal,neonatal intubation,surgical stress response,traumatic brain injury,depressive disorder,treatment resistant depression,colorectal diseases,liver transplant recipients,nasal surgery,coronary artery disorder,headache disorder,,upper airway disorder,transesophageal echocardiographic examination,intubation,off-pump coronary artery bypass graft surgery,hemodynamic stability,impaired renal function disease,coronary revascularization,subarachnoid haemorrhage,Subdural hemorrhage,intracranial subdural hematoma,cataract,paradoxical reaction to midazolam,short surgery,acute ischemic stroke,critically ill condition,pregnancy,deep sedation,malignant colon neoplasm,shoulder dislocation,scoliosis,hypoxic-ischemic brain injury,cognitive dysfunction,Sleep disturbance,coronary artery bypass,atrial fibrillation,neurological critical illness,septic shock,propofol sedation,sinusitis,chronic subdural hematoma,Hypoxemia,amnestic effect,hypnosis,total sleep time,sleep quality,Loss of consciousness,need for endotracheal intubation,insomnia,lung injury,postpneumonectomy pulmonary oedema,acute lung injury,brain damage,brain neoplasm,major depressive disorder,arteriovenous shunt surgery,memory impairment,liver cancer,malignant pancreatic neoplasm,dental phobia,heart valve disorder,aortic valve insufficiency,tricuspid valve insufficiency,mitral valve insufficiency,sleep deprivation,REM sleep disorders,surgical extraction of all 4 third molars,Chronic pain,postoperative pain,postoperative delirium,perineal pruritus,lumbar stenosis,hepatocellular injury,gastrointestinal disease,response to laryngeal mask airway insertion,postoperative acute pain,cardiac surgery,sensitivity to propofol,coronavirus disease 2019 (covid-19),pain of injection,postoperative sedation,conscious sedation,dislocated shoulder,Prolonged QT interval,familial long QT syndrome,postoperative morbidity,cognitive disorder,hemodynamic dysfunction,orthopaedic injury,pulmonary inflammation,uterine curettage,postoperative cognitive decline,bronchoscopy,hemolysis,respiratory depression,bronchoscopy-related anxiety and discomfort,pain perception,emergence delirium,liver transplant,myocardial injury,sinus surgery,ear nose and throat surgery,sleep apnea syndrome,obstructive sleep apnea syndrome,cervical myelopathy,hemodynamic instability during emergent intubations,unstable hemodynamics during induction,endoscopic retrograde cholangiopancreatography,induction,postoperative vomiting,postoperative shiver,postoperative nausea,procedural sedation and analgesia,transurethral surgery,pediatric anesthesia,tracheal intubation,postoperative hyperalgesia,chronic rhinosinusitis,third molar removal,cerebral palsy,kidney transplant rejection,cardiac complications,sedation related complications,moderate sedation,postoperative mortality,immunosuppression,psychiatric disorder,ankyloglossia,anesthetic induction,osteoarthritis,vocal cord injuries,severe sepsis,major abdominal surgery,postoperative vision loss,increased intraocular pressure,postoperative recovery,cardiac dysfunction,renal ischemia/reperfusion injury,ischemia reperfusion injury,intubation conditions,pulmonary complications,mucus plugs,foreign body aspiration,preoperative anxiety,neurosurgery recovery,esophagogastroduodenoscopy,neuromuscular blockade,muscle paralysis,hypersplenism,pediatric patients,muscle relaxation,thyroidectomy,pediatric total venous anesthesia,lung cancer,vitrectomy,nociceptive stimulation,anesthesia induction,respiratory mechanics,Hypothermia,dementia,diabetes mellitus,rhytidoplasty,facelift surgery,primary brain neoplasm,hemodynamic response,hip fracture,sedation during endoscopic retrograde cholangiopancreatography,neuraxial anesthesia,patients undergoing robotic or laparoscopic gastrectomy,critical illness,prolonged sedation,pain on injection,carotid endarterectomy,hypotensive event,lumbar disc hernia,post-operative recovery,upper gastrointestinal endoscopy,heart valve disease,tongue cancer,renal carcinoma,prostate cancer,perioperative awareness,off-pump coronary artery bypass surgery,ischemic reperfusion injury,quality of recovery,Mental deterioration,pituitary gland disorder,patients undergoing on-pump coronary artery bypass graft surgery,acute kidney injury,acute rejection,delayed graft function,emergence agitation,pediatric sedation,pituitary tumor,correctional tibial osteotomy,general surgery,postoperative cardiac complications,ophthalmic ambulatory surgery,sedation for upper and lower endoscopic procedures,aneurysmal subarachnoid hemorrhage,awake craniotomy,epilepsy,foot and ankle surgery,hypoxemic respiratory failure,desaturation,intraocular pressure,neurocognitive development,morbid obesity,postoperative dental pain,lung lobectomy,Infertility,need for sedation during colonoscopy,acute subdural hematoma,mild cognitive impairment,postoperative cognitive impairment,need for sedation for endoscopic retrograde procedure,renal transplantation,laryngeal mask airway insertion conditions,postoperative pulmonary complications,patients undergoing thoracic surgery,postoperative cognitive disorder,Arrhythmia,acute myocardial infarction,knee arthroplasty,hemorrhage,cystoscopy,spine surgery,shoulder arthroplasty,respiratory adverse events,chronic obstructive pulmonary disease,middle ear surgery,depth of anaesthesia,peripheral inflammation,anterior shoulder dislocation,quality of recovery from anesthesia,burn injuries,olfactory identification impairment,psychological sequelae,endothelial damage,hepato-splanchnic pressure and flow modulation,shoulder arthroscopy,Dilatation of the cerebral artery,postoperative headache,tissue damage,surgical trauma,induction of general anesthesia,aneurysmal clipping operation,acute postoperative pain,heart bypass surgery,thyroiditis,parathyroid gland disorder,thyroid gland disorder,septic encephalopathy,breast reconstruction,endoscopic sinus surgery,postoperative sleep disturbance,gag reflex,infectious complications,urological surgical procedures,injury,Atypical behavior,vitreoretinal surgery,Increased intracranial pressure,endoscopic procedures,chronic kidney disease,Strabismus,pain agnosia,essential tremor,Parkinson disease,hepatocellular carcinoma,perioperative bleeding,cancer,gastrointestinal malignancies,supratentorial tumor,cardiac risk,anaesthesia depth maintenance,post operative nausea and vomiting,gynaecology surgery,intraoperative awakening,need for anesthesia induction and intubation,hypersensitivity reaction disease,head and neck neoplasm,airway management complications,perioperative neurocognitive disorders,polyp of large intestine,difficult airway,cerebrovascular disorder,glioblastoma,peripheral neurotoxicity,Vomiting,Nausea,thyroid surgery,transcatheter aortic valve replacement,recovery profile,testis retention,Inguinal hernia,Hydrocele testis,varicocele,phimosis,pituitary gland adenoma,gastroenteroscopy,tumor-related epilepsy,gastric cancer,Hypertension,emergency laparotomy,dreams,Nasolacrimal duct obstruction,perioperative neurocognitive dysfunction,arthroscopic meniscectomy,inflammatory response,oxidative stress,painless colonoscopy,ovarian cancer,Bradycardia,adverse effect,pertrochanteric femoral fracture,severe depression,altered connectivity,fragile brain,respiratory illnesses,ventilator-associated pneumonia,lesions in the upper gastrointestinal tract,digestive system neoplasm,female reproductive organ cancer,duration of mechanical ventilation,aortic valve stenosis,acquired tracheoesophageal fistula,hypoxia,Obesity,tussis,altered cerebral autoregulation,painless gastroenteroscopy,perioperative hypothermia,major spinal surgery,electroconvulsive therapy,depressive symptom,lobectomy,hysteroscopy,anaesthesia recovery,major noncardiac surgery,in vitro fertilisation,cardiovascular instability,postoperative impaired consciousness,hospital length of stay,intensive care unit length of stay,abdominal surgery,prolonged disorders of consciousness,rigid bronchoscopy,postoperative quality of recovery,complication,one lung ventilation,hemodynamic responses to pneumoperitoneum,autism spectrum disorder,related organ dysfunction,obstetric perineal lacerations,coronary artery bypass graft surgery,stress,respiratory system disorder,supratentorial glioma,need for sedation in patients undergoing hysteroscopy,spinal surgery,pediatric tonsillectomy,mechanically ventilated patients,same-day bidirectional endoscopy,intraoral tumor excisions,pancreaticobiliary pathologies,painless hysteroscopy,metabolic dysfunction-associated steatohepatitis,non-cephalic fetal presentation,emergence anxiety,upper airway surgery,electrographic status epilepticus,Coma,lumbar spine surgery,hepatectomy,eye examination,burns,subarachnoid hemorrhage,ablation,cardiac electrophysiology studies,cardiac surgery recovery,cardiac surgery complications,painless gastrointestinal endoscopic diagnosis and treatment,pediatric laparoscopic surgery,bronchoscopic procedures,moderate sedation anesthesia,sedation for magnetic resonance imaging,anesthesia depth,perioperative respiratory adverse events,postoperative stridor,severe coughing,Airway obstruction,Laryngospasm,bronchial disorder,intraoperative hypotension,hysteroscopic surgery,need for sedation during gastrointestinal endoscopy,neuromuscular block,successful colonoscope insertion,functional endoscopic sinus surgery,upper gastrointestinal endoscopic procedures,hepatic metastases,burn scars,robot-assisted gynecologic surgery,airway complications,recurrent laryngeal nerve injury,angioplasty,manipulation under anesthesia,magnetic resonance imaging,postoperative emergence agitation,colonoscopic polypectomy,controlled hypotension,early postoperative neurocognitive complications,cesarean section,aortic stenosis,cerebral ischemic damage,Stroke:APPROVAL; SEVOFLURANE:anaesthesia,coronavirus disease 2019 (covid-19),delayed graft function,renal graft dysfunction,ischemia-reperfusion lesions,supratentorial brain tumour,endometrial cancer,supratentorial lesion,atherosclerotic vascular disease,urological cystoscope surgery,myocardial infarction,sedation,delirium,upper airway complications,Inguinal hernia,,neurodevelopmental disorder,Pain,acute respiratory distress syndrome,colorectal cancer,non-small cell lung carcinoma,persistent organ dysfunction,mortality,acute hypoxaemic respiratory failure,lung failure,esophageal cancer,aortic valve disorder,mitral valve disorder,emergence delirium,hemodynamic instability,early cognitive decline,postoperative delayed emergence,general anesthesia,anesthesia,aorta coarctation,post-operative delirium,traumatic brain injury,Increased intracranial pressure,burn,early childhood caries,breast cancer,subarachnoid haemorrhage,Intellectual disability,septic shock,malignant colon neoplasm,coronary artery bypass,atrial fibrillation,post-operative trouble with swallowing,elderly patients undergoing long abdominal surgery,general anaesthesia,lung injury,postpneumonectomy pulmonary oedema,acute lung injury,brain damage,brain neoplasm,liver cancer,malignant pancreatic neoplasm,heart valve disorder,coronary artery disorder,aortic valve insufficiency,tricuspid valve insufficiency,mitral valve insufficiency,Chronic pain,postoperative delirium,postoperative cognitive dysfunction,carotid intima stripped,post-operative sign or symptom,renal impairment,myocardial damage,pulmonary inflammation,liver injury,ischemia reperfusion injury,ischemic-reperfusion injury,abdominal surgery,uterine curettage,shock-associated states,Sepsis,liver transplant,myocardial injury,postoperative pain,injury resulting from a cessation of blood flow and then a re-establishment of flow,mitochondrial disease,sinus surgery,second trimester abortion procedures,cervical myelopathy,airway hyperreactivity,postoperative vomiting,postoperative shiver,postoperative nausea,surgical anesthesia,pediatric anesthesia,tracheal intubation,cardiac surgical patients,postoperative hyperalgesia,impaired protective airway reflexes,emergence agitation,kidney transplant rejection,congenital heart disease,Abnormal heart morphology,immunosuppression,stage 5 chronic kidney disease,glaucoma,laryngeal injuries,cardiopulmonary bypass,vocal cord injuries,postoperative vision loss,increased intraocular pressure,depression of upper airway reflexes,protective airway reflex impairment,middle cerebral artery occlusion,Stroke,postreperfusion syndrome,laparoscopic surgical workspace,esophagogastroduodenoscopy,thyroidectomy,pediatric total venous anesthesia,cardioprotection,Hypothermia,ischaemia-reperfusion injury,dementia,open heart disease,proximal femur fracture,diabetes mellitus,primary brain neoplasm,adenotonsillectomy,intubation,hemodynamic response,postoperative cerebral hyperperfusion syndrome,carotid endarterectomy,acute ischemic stroke,tongue cancer,renal carcinoma,prostate cancer,perioperative awareness,inflammatory response,ischemic reperfusion injury,pituitary gland disorder,cardiac surgery,ischemia,acute kidney injury,acute rejection,muscle relaxation,neurocognitive development,brain injury,postoperative dental pain,lung lobectomy,endotracheal intubation,mild cognitive impairment,postoperative sore throat,aneurysmal subarachnoid hemorrhage,renal transplantation,postoperative pulmonary complications,postoperative cognitive disorder,knee arthroplasty,hemorrhage,chronic obstructive pulmonary disease exacerbation,intracranial pathology,tonsillectomy surgery,Airway obstruction,respiratory adverse events,cerebral palsy,olfactory identification impairment,cognitive dysfunction,psychological sequelae,endothelial damage,hepato-splanchnic pressure and flow modulation,Dilatation of the cerebral artery,postoperative headache,acute postoperative pain,heart bypass surgery,postoperative sleep disturbance,congenital cyanotic heart disease,systemic inflammatory response syndrome,Atypical behavior,time off the ventilator,Strabismus,hepatocellular carcinoma,perioperative bleeding,cancer,need for anesthesia induction and intubation,mitral valve repair,head and neck neoplasm,glioblastoma,peripheral neurotoxicity,depressive disorder,cervical spine surgery,neuromuscular blockade,Nasolacrimal duct obstruction,postoperative neurocognitive disorder,oxidative stress,chronic venous ulcer,ovarian cancer,lung cancer,urinary bladder neoplasm,off-pump coronary artery bypass surgery,upper gastrointestinal endoscopy,deep sedation,hypoxia,postanesthetic shivering,coronavirus disease 2019 pneumonia,supratentorial craniotomy,aortic valve stenosis,early postoperative hypoventilation,early postoperative hypoxemia,surgical stress response,spinal surgery,pediatric tonsillectomy,intraoral tumor excisions,Anxiety,Obesity,metabolic dysfunction-associated steatohepatitis,lumbar spine surgery,difficult airway,eye examination,subarachnoid hemorrhage,respiratory syncytial virus infectious disease,cardiac surgery complications,sedation for magnetic resonance imaging,perioperative respiratory adverse events,postoperative stridor,severe coughing,Laryngospasm,bronchial disorder,atelectasis,neuromuscular block,hypotensive disorder,inflammatory conditions,functional endoscopic sinus surgery,hepatic metastases,retrograde intrarenal surgery,post operative nausea and vomiting,patients undergoing abdominal robotic-assisted surgery,valve disease,airway complications,recurrent laryngeal nerve injury,sedoanalgesia,postoperative cough,postoperative hoarseness,cesarean section,cerebral ischemic damage:APPROVAL; BREXANOLONE:,postpartum depression,depressive disorder,major depressive disorder,status epilepticus seizure,status epilepticus,acute respiratory distress syndrome,essential tremor or related tremors,concussion,post-traumatic stress disorder,brain injury,essential tremor,fragile X-associated tremor/ataxia syndrome,traumatic brain injury,Pain,posttraumatic stress disorder,Alzheimer disease,Tinnitus,alcohol abuse,post-stroke depression,mild cognitive impairment,stress-induced anxiety,stress-induced craving,alcohol dependence,Parkinson disease,psychotic disorder:APPROVAL; CIPEPOFOL:anesthesia,sedation,general anesthesia,hypotensive disorder,colonoscopy,mechanical ventilation,depressive disorder,ocular fundus surgery,knee arthroplasty,insomnia,transcatheter aortic valve replacement,painless colonoscopy,Obesity,lobectomy,anesthesia induction,postoperative quality of recovery,Nausea,complication,Vomiting,Pain,cardiac surgery anesthesia,hypoxia,cardiovascular responses to tracheal intubation,need for sedation in patients undergoing hysteroscopy,liver cancer,postoperative delirium,critical illness,painless hysteroscopy,fiberoptic bronchoscopy,postoperative recovery,need for painless gastroscopy,pediatric laparoscopic surgery,intraoperative hypotension,perioperative respiratory adverse events,orthopedic limb surgery,perioperative hypotension,pancreatobiliary diseases,tracheal intubation stimulation,Hypoxemia:PHASE_3; METHAQUALONE HYDROCHLORIDE::UNKNOWN; MIDAZOLAM HYDROCHLORIDE:amnesia,,Seizure,status epilepticus,epilepsy,amnestic effect,moderate sedation,Anxiety:APPROVAL; PENTOBARBITAL:insomnia,status epilepticus,intracranial hypertension,brain injury,gamma hydroxybutyrate detoxification,gamma hydroxybutyrate withdrawal,,procedure sedation,pediatric medical imaging procedures:APPROVAL; FLURAZEPAM HYDROCHLORIDE:,insomnia:APPROVAL; METHAQUALONE:insomnia,:UNKNOWN; THIOPENTAL:anaesthesia,status epilepticus,intracranial hypertension,brain injury,septic shock,,sedation,morbid obesity,maternal hypotension,Bradycardia,anesthesia induction,increased intraocular pressure,prostate cancer,sedoanalgesia,postoperative pain:APPROVAL; ETHCHLORVYNOL:insomnia:APPROVAL; CHLORDIAZEPOXIDE:alcohol dependence,anxiety disorder,Anxiety,alcohol withdrawal,depressive disorder,non-cardiac chest pain:APPROVAL; ABP-700:procedural sedation:PHASE_2; METHARBITAL:epilepsy:APPROVAL; PRAZEPAM:anxiety disorder,Anxiety:APPROVAL; METHYPRYLON:insomnia:APPROVAL; ESZOPICLONE:insomnia,,Parkinson disease,rheumatoid arthritis,major depressive disorder,posttraumatic stress disorder,obstructive sleep apnea syndrome,generalized anxiety disorder,Apnea,obstructive sleep apnoea,type 2 diabetes mellitus,prediabetes syndrome,primary insomnia,chronic low back pain,depressive disorder,Anxiety,chronic insomnia,primary chronic insomnia,poor sleep,Fatigue,multiple sclerosis,schizophrenia,shift work disorder,insomnia disorder,chronic insomnia disorder:APPROVAL; TALBUTAL:Irritability:APPROVAL; REMIMAZOLAM:procedural sedation,anaesthesia,colonoscopy,bronchoscopy,general anesthesia,anesthesia,Loss of consciousness,wisdom tooth extraction,blood pressure reduction,laparoscopic hepatectomy,orthopedic surgery,sedation,Cognitive impairment,sedation during endoscopy,reduction in cerebral blood flow,mechanical ventilation,need for procedural sedation during diagnostic upper gastrointestinal endoscopy,acute respiratory failure,pregnancy,mediastinal lesions suspected of being lung cancer,hypotensive disorder,cognitive dysfunction,sensitivity to remazolam,,emergence delirium,endoscopic retrograde cholangiopancreatography,hypoxia,preoperative anxiety,cerebrovascular disorder,lumbar fusion surgery,spine surgery,thyroid surgery,cervical spine surgery,recovery profile,thyroidectomy,pain agnosia,critical illness,Hypertension,arthroscopic meniscectomy,urinary bladder neoplasm,gastrointestinal endoscopy,off-pump coronary artery bypass surgery,anesthetic induction,gastroscopy,lesions in the upper gastrointestinal tract,digestive system neoplasm,postoperative delirium,acquired tracheoesophageal fistula,scoliosis,postanesthetic shivering,emergence agitation,altered cerebral autoregulation,extracranial-intracranial bypass surgery,perioperative hypothermia,cardiovascular response to intubation of double-lumen endobronchial tubes,major spinal surgery,major noncardiac surgery,postoperative recovery,colonoscopic polypectomy,atrial fibrillation,opioid-induced hyperalgesia,one lung ventilation,postoperative cognitive changes,Obesity,type 2 diabetes mellitus,cardiovascular responses to tracheal intubation,postoperative sleep disturbance,Anxiety,respiratory system disorder,pediatric bidirectional endoscopy,supratentorial glioma,Hypoxemia,intraoperative hypotension,laryngeal mask airway insertion,drug-induced sleep endoscopy,gynecological laparoscopic surgery,paradoxical reactions,upper airway surgery,fiberoptic bronchoscopy,hepatectomy,awake fibreoptic nasotracheal intubation,conscious tracheal intubation,ablation,cardiac electrophysiology studies,gastrointestinal endoscopy sedation,postoperative cognitive dysfunction,moderate sedation anesthesia,dental extraction,non-intubated thoracoscopic lung surgery,arteriovenous fistula creation,painless colonoscopy,painless gastroscopy,postoperative agitation,pediatric preoperative sedation,hysteroscopic surgery,postoperative sleep quality,glioma,perioperative respiratory adverse events,neurodevelopmental outcomes,burn scars,robot-assisted gynecologic surgery,gastric cancer,obstructive sleep apnea syndrome:APPROVAL; FLUMAZENIL:,benzodiazepine overdose,methamphetamine abuse,alcohol withdrawal,alcohol dependence,benzodiazepine withdrawal,obsessive-compulsive disorder,central nervous system depression,hypnotic drug effect,excessively long total sleep time,hypersomnia,hepatic encephalopathy,Parkinson disease,renal transplantation,cardiovascular events,postoperative atelectasis,post operative nausea and vomiting,ocular fundus surgery,general anesthesia,hypoactive delirium,sedation,recovery profile,thyroidectomy,atrial fibrillation,breast cancer,emergence delirium,postoperative cognitive dysfunction,Respiratory distress,emergence agitation,postoperative neurocognitive disorders,postoperative delirium:APPROVAL; BUTABARBITAL:insomnia:APPROVAL; HALAZEPAM:anxiety disorder,Anxiety:APPROVAL; THIOPENTAL SODIUM:amnestic effect,cardiac surgery:PHASE_1; FLUNITRAZEPAM:insomnia,:APPROVAL; ETOMIDATE:anaesthesia,hypertensive disorder,large-vessel occlusion,ischemic stroke,gastroscopy,general anesthesia,colonoscopy,sedation,gastroscopy/colonoscopy,anesthesia,cardiac surgery,intubation,Sepsis,hemodynamic dysfunction,adrenocortical insufficiency,extremity fracture,injury,sedation during rapid sequence intubation,morbid obesity,circadian rhythm changes of salivary cortisol,Cognitive impairment,psychiatric disorder,pediatric total venous anesthesia,,requiring emergency endotracheal intubation,heart valve disease,depressive disorder,postoperative cardiac complications,Loss of consciousness,rapid sequence intubation,anterior shoulder dislocation,infectious complications,anesthesia induction,acute anemia,mitral valve repair,head and neck neoplasm,gastroenteroscopy,painless hysteroscopic surgery,abdominal surgery,coronary artery bypass graft surgery,posttraumatic stress disorder,hypotensive disorder,postoperative pain,need for sedation during gastrointestinal endoscopy,Hypoxemia:APPROVAL; FLURAZEPAM:insomnia:APPROVAL; TEMAZEPAM:insomnia,,chronic obstructive pulmonary disease,Sleep disturbance:APPROVAL; PAGOCLONE:anxiety disorder,stutter disorder,developmental stuttering,premature ejaculation:PHASE_2_3; ALPRAZOLAM:panic disorder,anxiety disorder,,generalized anxiety disorder,Anxiety,prolonged seizures,Seizure,Pain,epilepsy,generalized anxiety,panic attack,photosensitive epilepsy,type 1 diabetes mellitus,acute coronary syndrome,panic attacks,Abnormal autonomic nervous system physiology,Hypoglycemia,irreversible pulpitis,perioperative anxiety,essential tremor,postendodontic pain:APPROVAL; GANAXOLONE:Seizure,epilepsy syndrome,infantile spasms,epilepsy,Focal impaired awareness seizure,partial-onset seizures,status epilepticus,postpartum depression,catamenial epilepsy,posttraumatic stress disorder,fragile X syndrome,smoking cessation,smoking behavior,refractory status epilepticus,PCDH19-clustering epilepsy,major depressive disorder,depressive disorder:APPROVAL; TETRAZEPAM::UNKNOWN	6.0	MIDAZOLAM:epilepsy,,status epilepticus,Irritability,post-traumatic stress disorder,depressive disorder,Anxiety,Agitation,brain injury,bone fracture,prolonged mechanical ventilation,sedation,intensive care sedation,uncooperative behavior during dental treatment,seizure clusters,acute respiratory distress syndrome,acute pain,intubation,delirium,dental phobia,Seizure,hypertensive disorder,preoperative sedation,preoperative anxiety,sedation before anesthesia,pain agnosia,colonoscopy,sedation failure,Breech presentation,febrile status epilepticus,Convulsive status epilepticus,postoperative cognitive dysfunction,postoperative delirium,Pain,acute respiratory and myocardial failure,situational anxiety,wisdom tooth extraction,non-convulsive status epilepticus,traumatic brain injury,distress,pediatric patients admitted to Pediatric Intensive Care Unit,treatment resistant depression,cataract extraction with lens replacement,procedural sedation,major depressive disorder,discomfort,acute respiratory failure,Respiratory insufficiency,cardiogenic shock,orthopedic surgery,Cognitive impairment,emergence delirium,postoperative pain,closed limb fracture,depressive symptoms,critical illness,discomfort of intravenous cannulation,behavior modification,acute agitation,seizure activity,postoperative recovery,depressed mood,transesophageal echocardiographic examination,cerebral vasospasm,ischemic stroke,mechanical ventilation,obsessive-compulsive disorder,early childhood caries,bipolar disorder,subarachnoid haemorrhage,post-operative pain,suicidal ideation,violent behavior,endoscopic procedures,esophagogastroduodenoscopy,fear related behaviors,paradoxical reaction to midazolam,preeclampsia,laceration,intraoperative ocular pain,cataract,complex regional pain syndrome,presurgical anxiety,suicide,cocaine dependence,septic shock,chronic critical illness,prostate cancer,acute myeloid leukemia,nicotine dependence,non-suicidal self-injury,complex post traumatic stress disorder,interventional radiology procedures,seizures induced by exposure to nerve agents,solid tumor,solid tumors,acute repetitive seizures,gastrointestinal stromal tumor,renal cell carcinoma,BRAF V600 mutation-positive tumors,atopic eczema,chronic hepatitis B virus infection,non-small cell lung carcinoma,cesarean section,major depressive episode,respiratory depression,type 2 diabetes mellitus,sickle cell disease,perioperative anxiety,advanced solid tumors,myocardial injury,congenital heart disease,Inguinal hernia,Sepsis,emotional wellbeing,surgical extraction of all 4 third molars,retinopathy of prematurity,cesarean delivery,perineal pruritus,carpal tunnel syndrome,patient satisfaction,conscious sedation,anesthesia,sedation for colonoscopy,adrenocortical insufficiency,skin cancer,gastrointestinal endoscopy,rapid sequence intubation,bronchoscopy,bronchoscopy-related anxiety and discomfort,pain perception,emergence agitation,injury,pregnancy termination,patient tolerance,blood pressure drop following spinal anesthesia,transurethral surgery,sedation related complications,discomfort during endoscopic retrograde cholangiopancreatography,moderate sedation,violence,aggressive behavior,white-coat hypertension,critically-ill patients,osteoarthritis,severe sepsis,blood glucose level abnormality,distal sciatic nerve block,nerve damage,gastroscopy,inadequate sedation for colonoscopy,pediatric emergence delirium,postcraniotomy headache,postoperative headache,suspension laryngoscopic surgery,postoperative functional recovery,intensive care treatment,pediatric patients,muscle relaxation,impacted third molar,postoperative analgesia,central airway stenosis,pre-operative sedation,dental decay,sedation during endoscopic retrograde cholangiopancreatography,neuraxial anesthesia,perioperative stress,Loss of consciousness,hemodynamic instability,sleep disorder,insomnia,uncooperative behavior,benzodiazepine and related drug dependence,acute pulmonary edema,sedation during surgery,surgical sedation,post tonsillectomy pain,foot and ankle surgery,hypoxemic respiratory failure,desaturation,Hypoxemia,colonoscopy sedation,perioperative outcome,pre-operative anxiety,ocular procedures,respiratory illness,epileptiform electroencephalographic activity,atrial fibrillation,intestinal flora imbalance,respiratory failure,adenotonsillectomy,malignant arrhythmias,chronic obstructive pulmonary disease,airway reflex,recovery quality,paradoxical reaction,glioma,behavioral failure during sedation,septic encephalopathy,breast cancer,fear,acid reflux disease,Supraventricular tachycardia,vitreoretinal surgery,post-extubation respiratory failure,hospital mortality,magnetic resonance imaging,head and neck neoplasm,polyp of large intestine,difficult airway,positional pain,pertrochanteric femoral fracture,sensory perception of pain,postoperative agitation,difficulty in mask ventilation,respiratory illnesses,ventilator-associated pneumonia,upper gastrointestinal endoscopy,deep sedation,hypoxia,awake fiberoptic intubation,postoperative cognitive changes,insomnia syndrome,respiratory system disorder,perioperative pediatric anxiety,postpartum depression,Obesity,postoperative negative behavior change,electrographic status epilepticus,Coma,burns,bronchoscopic procedures,preanesthetic sedation,upper gastrointestinal endoscopic procedures,post operative nausea and vomiting,oxidative stress,angioplasty,discomfort due to flexible bronchoscopy,catatonia,autism spectrum disorder,orbital akinesia,postoperative emergence agitation:APPROVAL; DIAZEPAM:Agitation,epilepsy,anxiety disorder,cerebral palsy,stiff-person syndrome,,Anxiety,acute repetitive seizure,status epilepticus,acute repetitive seizures,Seizure,Low back pain,developmental and/or epileptic encephalopathy with spike-wave activation in sleep,Landau-Kleffner syndrome,anterior cruciate ligament reconstruction,postoperative pain,rotator cuff syndrome,inflammation,Pain,seizure activity,lumbar disk prolapse,Abdominal pain,chronic pancreatitis,labor pain,prolonged labour,generalized tonic-clonic seizure,Focal impaired awareness seizure,Tinnitus,post-traumatic stress disorder,pelvic floor dysfunction,pain related to their spine condition,post-operative pain,Constipation,fecal incontinence,rheumatoid arthritis,alcohol withdrawal,sedation related complications,opioid withdrawal syndrome,impacted third molar,alcohol relapse,sleep disorder,insomnia,benzodiazepine and related drug dependence,dental phobia,pelvic floor myalgia,chronic pelvic pain,benign epilepsy with centro-temporal spikes,cataract,Back pain,levator ani syndrome,rectal pain,whiplash injury,Febrile seizure (within the age range of 3 months to 6 years),burning mouth syndrome,psychotic disorder,first trimester incomplete miscarriage,incomplete miscarriage,electrographic status epilepticus,Coma,bruxism:APPROVAL; PROPOFOL:anaesthesia,postoperative cognitive dysfunction,post surgical morbidity,liver insufficiency,status epilepticus,brain injury,supratentorial brain tumour,cancer recurrence,breast cancer,cough reflex,need for mechanical ventilation,sedation,general anaesthesia,endometrial cancer,supratentorial lesion,acute hypoxemic respiratory failure,procedural pain,obesity disorder,hypertensive disorder,myocardial infarction,procedural sedation,Cognitive impairment,Sepsis,delirium,patients undergoing elective surgery,gastrointestinal endoscopy,gastrointestinal endoscopic polypectomy,postoperative mechanical ventilation,Pain,upper airway complications,depth of anesthesia,general anesthesia,large-vessel occlusion,ischemic stroke,respiratory failure,anesthesia,undergoing colonoscopy,respiratory distress syndrome in premature infants,newborn respiratory distress syndrome,acute respiratory distress syndrome,colorectal cancer,non-small cell lung carcinoma,neurological injury,neurocognitive dysfunction,ischemic complications,esophageal cancer,hypotensive disorder,colonoscopy,non-convulsive status epilepticus,gastroscopy,blood pressure reduction,aortic valve disorder,mitral valve disorder,postoperative mechanically ventilated patient,laparoscopic hepatectomy,pulmonary aspiration of gastric contents,discomfort,acute respiratory failure,Agitation,Anxiety,mechanical ventilation,cardiogenic shock,sedation during endoscopy,reduction in cerebral blood flow,hemodynamic instability,myocardial ischemia-reperfusion injury,type 2 diabetes mellitus,endotracheal intubation,migraine disorder,laryngeal mask airway removal,neonatal intubation,surgical stress response,traumatic brain injury,depressive disorder,treatment resistant depression,colorectal diseases,liver transplant recipients,nasal surgery,coronary artery disorder,headache disorder,,upper airway disorder,transesophageal echocardiographic examination,intubation,off-pump coronary artery bypass graft surgery,hemodynamic stability,impaired renal function disease,coronary revascularization,subarachnoid haemorrhage,Subdural hemorrhage,intracranial subdural hematoma,cataract,paradoxical reaction to midazolam,short surgery,acute ischemic stroke,critically ill condition,pregnancy,deep sedation,malignant colon neoplasm,shoulder dislocation,scoliosis,hypoxic-ischemic brain injury,cognitive dysfunction,Sleep disturbance,coronary artery bypass,atrial fibrillation,neurological critical illness,septic shock,propofol sedation,sinusitis,chronic subdural hematoma,Hypoxemia,amnestic effect,hypnosis,total sleep time,sleep quality,Loss of consciousness,need for endotracheal intubation,insomnia,lung injury,postpneumonectomy pulmonary oedema,acute lung injury,brain damage,brain neoplasm,major depressive disorder,arteriovenous shunt surgery,memory impairment,liver cancer,malignant pancreatic neoplasm,dental phobia,heart valve disorder,aortic valve insufficiency,tricuspid valve insufficiency,mitral valve insufficiency,sleep deprivation,REM sleep disorders,surgical extraction of all 4 third molars,Chronic pain,postoperative pain,postoperative delirium,perineal pruritus,lumbar stenosis,hepatocellular injury,gastrointestinal disease,response to laryngeal mask airway insertion,postoperative acute pain,cardiac surgery,sensitivity to propofol,coronavirus disease 2019 (covid-19),pain of injection,postoperative sedation,conscious sedation,dislocated shoulder,Prolonged QT interval,familial long QT syndrome,postoperative morbidity,cognitive disorder,hemodynamic dysfunction,orthopaedic injury,pulmonary inflammation,uterine curettage,postoperative cognitive decline,bronchoscopy,hemolysis,respiratory depression,bronchoscopy-related anxiety and discomfort,pain perception,emergence delirium,liver transplant,myocardial injury,sinus surgery,ear nose and throat surgery,sleep apnea syndrome,obstructive sleep apnea syndrome,cervical myelopathy,hemodynamic instability during emergent intubations,unstable hemodynamics during induction,endoscopic retrograde cholangiopancreatography,induction,postoperative vomiting,postoperative shiver,postoperative nausea,procedural sedation and analgesia,transurethral surgery,pediatric anesthesia,tracheal intubation,postoperative hyperalgesia,chronic rhinosinusitis,third molar removal,cerebral palsy,kidney transplant rejection,cardiac complications,sedation related complications,moderate sedation,postoperative mortality,immunosuppression,psychiatric disorder,ankyloglossia,anesthetic induction,osteoarthritis,vocal cord injuries,severe sepsis,major abdominal surgery,postoperative vision loss,increased intraocular pressure,postoperative recovery,cardiac dysfunction,renal ischemia/reperfusion injury,ischemia reperfusion injury,intubation conditions,pulmonary complications,mucus plugs,foreign body aspiration,preoperative anxiety,neurosurgery recovery,esophagogastroduodenoscopy,neuromuscular blockade,muscle paralysis,hypersplenism,pediatric patients,muscle relaxation,thyroidectomy,pediatric total venous anesthesia,lung cancer,vitrectomy,nociceptive stimulation,anesthesia induction,respiratory mechanics,Hypothermia,dementia,diabetes mellitus,rhytidoplasty,facelift surgery,primary brain neoplasm,hemodynamic response,hip fracture,sedation during endoscopic retrograde cholangiopancreatography,neuraxial anesthesia,patients undergoing robotic or laparoscopic gastrectomy,critical illness,prolonged sedation,pain on injection,carotid endarterectomy,hypotensive event,lumbar disc hernia,post-operative recovery,upper gastrointestinal endoscopy,heart valve disease,tongue cancer,renal carcinoma,prostate cancer,perioperative awareness,off-pump coronary artery bypass surgery,ischemic reperfusion injury,quality of recovery,Mental deterioration,pituitary gland disorder,patients undergoing on-pump coronary artery bypass graft surgery,acute kidney injury,acute rejection,delayed graft function,emergence agitation,pediatric sedation,pituitary tumor,correctional tibial osteotomy,general surgery,postoperative cardiac complications,ophthalmic ambulatory surgery,sedation for upper and lower endoscopic procedures,aneurysmal subarachnoid hemorrhage,awake craniotomy,epilepsy,foot and ankle surgery,hypoxemic respiratory failure,desaturation,intraocular pressure,neurocognitive development,morbid obesity,postoperative dental pain,lung lobectomy,Infertility,need for sedation during colonoscopy,acute subdural hematoma,mild cognitive impairment,postoperative cognitive impairment,need for sedation for endoscopic retrograde procedure,renal transplantation,laryngeal mask airway insertion conditions,postoperative pulmonary complications,patients undergoing thoracic surgery,postoperative cognitive disorder,Arrhythmia,acute myocardial infarction,knee arthroplasty,hemorrhage,cystoscopy,spine surgery,shoulder arthroplasty,respiratory adverse events,chronic obstructive pulmonary disease,middle ear surgery,depth of anaesthesia,peripheral inflammation,anterior shoulder dislocation,quality of recovery from anesthesia,burn injuries,olfactory identification impairment,psychological sequelae,endothelial damage,hepato-splanchnic pressure and flow modulation,shoulder arthroscopy,Dilatation of the cerebral artery,postoperative headache,tissue damage,surgical trauma,induction of general anesthesia,aneurysmal clipping operation,acute postoperative pain,heart bypass surgery,thyroiditis,parathyroid gland disorder,thyroid gland disorder,septic encephalopathy,breast reconstruction,endoscopic sinus surgery,postoperative sleep disturbance,gag reflex,infectious complications,urological surgical procedures,injury,Atypical behavior,vitreoretinal surgery,Increased intracranial pressure,endoscopic procedures,chronic kidney disease,Strabismus,pain agnosia,essential tremor,Parkinson disease,hepatocellular carcinoma,perioperative bleeding,cancer,gastrointestinal malignancies,supratentorial tumor,cardiac risk,anaesthesia depth maintenance,post operative nausea and vomiting,gynaecology surgery,intraoperative awakening,need for anesthesia induction and intubation,hypersensitivity reaction disease,head and neck neoplasm,airway management complications,perioperative neurocognitive disorders,polyp of large intestine,difficult airway,cerebrovascular disorder,glioblastoma,peripheral neurotoxicity,Vomiting,Nausea,thyroid surgery,transcatheter aortic valve replacement,recovery profile,testis retention,Inguinal hernia,Hydrocele testis,varicocele,phimosis,pituitary gland adenoma,gastroenteroscopy,tumor-related epilepsy,gastric cancer,Hypertension,emergency laparotomy,dreams,Nasolacrimal duct obstruction,perioperative neurocognitive dysfunction,arthroscopic meniscectomy,inflammatory response,oxidative stress,painless colonoscopy,ovarian cancer,Bradycardia,adverse effect,pertrochanteric femoral fracture,severe depression,altered connectivity,fragile brain,respiratory illnesses,ventilator-associated pneumonia,lesions in the upper gastrointestinal tract,digestive system neoplasm,female reproductive organ cancer,duration of mechanical ventilation,aortic valve stenosis,acquired tracheoesophageal fistula,hypoxia,Obesity,tussis,altered cerebral autoregulation,painless gastroenteroscopy,perioperative hypothermia,major spinal surgery,electroconvulsive therapy,depressive symptom,lobectomy,hysteroscopy,anaesthesia recovery,major noncardiac surgery,in vitro fertilisation,cardiovascular instability,postoperative impaired consciousness,hospital length of stay,intensive care unit length of stay,abdominal surgery,prolonged disorders of consciousness,rigid bronchoscopy,postoperative quality of recovery,complication,one lung ventilation,hemodynamic responses to pneumoperitoneum,autism spectrum disorder,related organ dysfunction,obstetric perineal lacerations,coronary artery bypass graft surgery,stress,respiratory system disorder,supratentorial glioma,need for sedation in patients undergoing hysteroscopy,spinal surgery,pediatric tonsillectomy,mechanically ventilated patients,same-day bidirectional endoscopy,intraoral tumor excisions,pancreaticobiliary pathologies,painless hysteroscopy,metabolic dysfunction-associated steatohepatitis,non-cephalic fetal presentation,emergence anxiety,upper airway surgery,electrographic status epilepticus,Coma,lumbar spine surgery,hepatectomy,eye examination,burns,subarachnoid hemorrhage,ablation,cardiac electrophysiology studies,cardiac surgery recovery,cardiac surgery complications,painless gastrointestinal endoscopic diagnosis and treatment,pediatric laparoscopic surgery,bronchoscopic procedures,moderate sedation anesthesia,sedation for magnetic resonance imaging,anesthesia depth,perioperative respiratory adverse events,postoperative stridor,severe coughing,Airway obstruction,Laryngospasm,bronchial disorder,intraoperative hypotension,hysteroscopic surgery,need for sedation during gastrointestinal endoscopy,neuromuscular block,successful colonoscope insertion,functional endoscopic sinus surgery,upper gastrointestinal endoscopic procedures,hepatic metastases,burn scars,robot-assisted gynecologic surgery,airway complications,recurrent laryngeal nerve injury,angioplasty,manipulation under anesthesia,magnetic resonance imaging,postoperative emergence agitation,colonoscopic polypectomy,controlled hypotension,early postoperative neurocognitive complications,cesarean section,aortic stenosis,cerebral ischemic damage,Stroke:APPROVAL; SEVOFLURANE:anaesthesia,coronavirus disease 2019 (covid-19),delayed graft function,renal graft dysfunction,ischemia-reperfusion lesions,supratentorial brain tumour,endometrial cancer,supratentorial lesion,atherosclerotic vascular disease,urological cystoscope surgery,myocardial infarction,sedation,delirium,upper airway complications,Inguinal hernia,,neurodevelopmental disorder,Pain,acute respiratory distress syndrome,colorectal cancer,non-small cell lung carcinoma,persistent organ dysfunction,mortality,acute hypoxaemic respiratory failure,lung failure,esophageal cancer,aortic valve disorder,mitral valve disorder,emergence delirium,hemodynamic instability,early cognitive decline,postoperative delayed emergence,general anesthesia,anesthesia,aorta coarctation,post-operative delirium,traumatic brain injury,Increased intracranial pressure,burn,early childhood caries,breast cancer,subarachnoid haemorrhage,Intellectual disability,septic shock,malignant colon neoplasm,coronary artery bypass,atrial fibrillation,post-operative trouble with swallowing,elderly patients undergoing long abdominal surgery,general anaesthesia,lung injury,postpneumonectomy pulmonary oedema,acute lung injury,brain damage,brain neoplasm,liver cancer,malignant pancreatic neoplasm,heart valve disorder,coronary artery disorder,aortic valve insufficiency,tricuspid valve insufficiency,mitral valve insufficiency,Chronic pain,postoperative delirium,postoperative cognitive dysfunction,carotid intima stripped,post-operative sign or symptom,renal impairment,myocardial damage,pulmonary inflammation,liver injury,ischemia reperfusion injury,ischemic-reperfusion injury,abdominal surgery,uterine curettage,shock-associated states,Sepsis,liver transplant,myocardial injury,postoperative pain,injury resulting from a cessation of blood flow and then a re-establishment of flow,mitochondrial disease,sinus surgery,second trimester abortion procedures,cervical myelopathy,airway hyperreactivity,postoperative vomiting,postoperative shiver,postoperative nausea,surgical anesthesia,pediatric anesthesia,tracheal intubation,cardiac surgical patients,postoperative hyperalgesia,impaired protective airway reflexes,emergence agitation,kidney transplant rejection,congenital heart disease,Abnormal heart morphology,immunosuppression,stage 5 chronic kidney disease,glaucoma,laryngeal injuries,cardiopulmonary bypass,vocal cord injuries,postoperative vision loss,increased intraocular pressure,depression of upper airway reflexes,protective airway reflex impairment,middle cerebral artery occlusion,Stroke,postreperfusion syndrome,laparoscopic surgical workspace,esophagogastroduodenoscopy,thyroidectomy,pediatric total venous anesthesia,cardioprotection,Hypothermia,ischaemia-reperfusion injury,dementia,open heart disease,proximal femur fracture,diabetes mellitus,primary brain neoplasm,adenotonsillectomy,intubation,hemodynamic response,postoperative cerebral hyperperfusion syndrome,carotid endarterectomy,acute ischemic stroke,tongue cancer,renal carcinoma,prostate cancer,perioperative awareness,inflammatory response,ischemic reperfusion injury,pituitary gland disorder,cardiac surgery,ischemia,acute kidney injury,acute rejection,muscle relaxation,neurocognitive development,brain injury,postoperative dental pain,lung lobectomy,endotracheal intubation,mild cognitive impairment,postoperative sore throat,aneurysmal subarachnoid hemorrhage,renal transplantation,postoperative pulmonary complications,postoperative cognitive disorder,knee arthroplasty,hemorrhage,chronic obstructive pulmonary disease exacerbation,intracranial pathology,tonsillectomy surgery,Airway obstruction,respiratory adverse events,cerebral palsy,olfactory identification impairment,cognitive dysfunction,psychological sequelae,endothelial damage,hepato-splanchnic pressure and flow modulation,Dilatation of the cerebral artery,postoperative headache,acute postoperative pain,heart bypass surgery,postoperative sleep disturbance,congenital cyanotic heart disease,systemic inflammatory response syndrome,Atypical behavior,time off the ventilator,Strabismus,hepatocellular carcinoma,perioperative bleeding,cancer,need for anesthesia induction and intubation,mitral valve repair,head and neck neoplasm,glioblastoma,peripheral neurotoxicity,depressive disorder,cervical spine surgery,neuromuscular blockade,Nasolacrimal duct obstruction,postoperative neurocognitive disorder,oxidative stress,chronic venous ulcer,ovarian cancer,lung cancer,urinary bladder neoplasm,off-pump coronary artery bypass surgery,upper gastrointestinal endoscopy,deep sedation,hypoxia,postanesthetic shivering,coronavirus disease 2019 pneumonia,supratentorial craniotomy,aortic valve stenosis,early postoperative hypoventilation,early postoperative hypoxemia,surgical stress response,spinal surgery,pediatric tonsillectomy,intraoral tumor excisions,Anxiety,Obesity,metabolic dysfunction-associated steatohepatitis,lumbar spine surgery,difficult airway,eye examination,subarachnoid hemorrhage,respiratory syncytial virus infectious disease,cardiac surgery complications,sedation for magnetic resonance imaging,perioperative respiratory adverse events,postoperative stridor,severe coughing,Laryngospasm,bronchial disorder,atelectasis,neuromuscular block,hypotensive disorder,inflammatory conditions,functional endoscopic sinus surgery,hepatic metastases,retrograde intrarenal surgery,post operative nausea and vomiting,patients undergoing abdominal robotic-assisted surgery,valve disease,airway complications,recurrent laryngeal nerve injury,sedoanalgesia,postoperative cough,postoperative hoarseness,cesarean section,cerebral ischemic damage:APPROVAL; CIPEPOFOL:anesthesia,sedation,general anesthesia,hypotensive disorder,colonoscopy,mechanical ventilation,depressive disorder,ocular fundus surgery,knee arthroplasty,insomnia,transcatheter aortic valve replacement,painless colonoscopy,Obesity,lobectomy,anesthesia induction,postoperative quality of recovery,Nausea,complication,Vomiting,Pain,cardiac surgery anesthesia,hypoxia,cardiovascular responses to tracheal intubation,need for sedation in patients undergoing hysteroscopy,liver cancer,postoperative delirium,critical illness,painless hysteroscopy,fiberoptic bronchoscopy,postoperative recovery,need for painless gastroscopy,pediatric laparoscopic surgery,intraoperative hypotension,perioperative respiratory adverse events,orthopedic limb surgery,perioperative hypotension,pancreatobiliary diseases,tracheal intubation stimulation,Hypoxemia:PHASE_3; REMIMAZOLAM:procedural sedation,anaesthesia,colonoscopy,bronchoscopy,general anesthesia,anesthesia,Loss of consciousness,wisdom tooth extraction,blood pressure reduction,laparoscopic hepatectomy,orthopedic surgery,sedation,Cognitive impairment,sedation during endoscopy,reduction in cerebral blood flow,mechanical ventilation,need for procedural sedation during diagnostic upper gastrointestinal endoscopy,acute respiratory failure,pregnancy,mediastinal lesions suspected of being lung cancer,hypotensive disorder,cognitive dysfunction,sensitivity to remazolam,,emergence delirium,endoscopic retrograde cholangiopancreatography,hypoxia,preoperative anxiety,cerebrovascular disorder,lumbar fusion surgery,spine surgery,thyroid surgery,cervical spine surgery,recovery profile,thyroidectomy,pain agnosia,critical illness,Hypertension,arthroscopic meniscectomy,urinary bladder neoplasm,gastrointestinal endoscopy,off-pump coronary artery bypass surgery,anesthetic induction,gastroscopy,lesions in the upper gastrointestinal tract,digestive system neoplasm,postoperative delirium,acquired tracheoesophageal fistula,scoliosis,postanesthetic shivering,emergence agitation,altered cerebral autoregulation,extracranial-intracranial bypass surgery,perioperative hypothermia,cardiovascular response to intubation of double-lumen endobronchial tubes,major spinal surgery,major noncardiac surgery,postoperative recovery,colonoscopic polypectomy,atrial fibrillation,opioid-induced hyperalgesia,one lung ventilation,postoperative cognitive changes,Obesity,type 2 diabetes mellitus,cardiovascular responses to tracheal intubation,postoperative sleep disturbance,Anxiety,respiratory system disorder,pediatric bidirectional endoscopy,supratentorial glioma,Hypoxemia,intraoperative hypotension,laryngeal mask airway insertion,drug-induced sleep endoscopy,gynecological laparoscopic surgery,paradoxical reactions,upper airway surgery,fiberoptic bronchoscopy,hepatectomy,awake fibreoptic nasotracheal intubation,conscious tracheal intubation,ablation,cardiac electrophysiology studies,gastrointestinal endoscopy sedation,postoperative cognitive dysfunction,moderate sedation anesthesia,dental extraction,non-intubated thoracoscopic lung surgery,arteriovenous fistula creation,painless colonoscopy,painless gastroscopy,postoperative agitation,pediatric preoperative sedation,hysteroscopic surgery,postoperative sleep quality,glioma,perioperative respiratory adverse events,neurodevelopmental outcomes,burn scars,robot-assisted gynecologic surgery,gastric cancer,obstructive sleep apnea syndrome:APPROVAL
XRCC4	ENSG00000152422	ok	XRCC4	X-ray repair cross complementing 4	protein_coding	SM:Approved Drug:FALSE; SM:Advanced Clinical:FALSE; SM:Phase 1 Clinical:FALSE; SM:Structure with Ligand:TRUE; SM:High-Quality Ligand:FALSE; SM:High-Quality Pocket:TRUE; SM:Med-Quality Pocket:FALSE; SM:Druggable Family:FALSE; AB:Approved Drug:FALSE; AB:Advanced Clinical:FALSE; AB:Phase 1 Clinical:FALSE; AB:UniProt loc high conf:FALSE; AB:GO CC high conf:FALSE; AB:UniProt loc med conf:FALSE; AB:UniProt SigP or TMHMM:FALSE; AB:GO CC med conf:FALSE; AB:Human Protein Atlas loc:FALSE; PR:Approved Drug:FALSE; PR:Advanced Clinical:FALSE; PR:Phase 1 Clinical:FALSE; PR:Literature:FALSE; PR:UniProt Ubiquitination:TRUE; PR:Database Ubiquitination:TRUE; PR:Half-life Data:TRUE; PR:Small Molecule Binder:FALSE; OC:Approved Drug:FALSE; OC:Advanced Clinical:FALSE; OC:Phase 1 Clinical:FALSE	microcephalic primordial dwarfism-insulin resistance syndrome	0.7638978847332903			0.0		0.0	
LRP6	ENSG00000070018	ok	LRP6	LDL receptor related protein 6	protein_coding	SM:Approved Drug:FALSE; SM:Advanced Clinical:FALSE; SM:Phase 1 Clinical:FALSE; SM:Structure with Ligand:TRUE; SM:High-Quality Ligand:TRUE; SM:High-Quality Pocket:TRUE; SM:Med-Quality Pocket:FALSE; SM:Druggable Family:FALSE; AB:Approved Drug:FALSE; AB:Advanced Clinical:FALSE; AB:Phase 1 Clinical:FALSE; AB:UniProt loc high conf:TRUE; AB:GO CC high conf:TRUE; AB:UniProt loc med conf:FALSE; AB:UniProt SigP or TMHMM:TRUE; AB:GO CC med conf:FALSE; AB:Human Protein Atlas loc:FALSE; PR:Approved Drug:FALSE; PR:Advanced Clinical:FALSE; PR:Phase 1 Clinical:FALSE; PR:Literature:FALSE; PR:UniProt Ubiquitination:TRUE; PR:Database Ubiquitination:TRUE; PR:Half-life Data:TRUE; PR:Small Molecule Binder:TRUE; OC:Approved Drug:FALSE; OC:Advanced Clinical:FALSE; OC:Phase 1 Clinical:FALSE	tooth agenesis, selective, 7	0.7026103931779112			0.0		0.0	
TBC1D8	ENSG00000204634	ok	TBC1D8	TBC1 domain family member 8	protein_coding	SM:Approved Drug:FALSE; SM:Advanced Clinical:FALSE; SM:Phase 1 Clinical:FALSE; SM:Structure with Ligand:FALSE; SM:High-Quality Ligand:FALSE; SM:High-Quality Pocket:FALSE; SM:Med-Quality Pocket:FALSE; SM:Druggable Family:FALSE; AB:Approved Drug:FALSE; AB:Advanced Clinical:FALSE; AB:Phase 1 Clinical:FALSE; AB:UniProt loc high conf:FALSE; AB:GO CC high conf:FALSE; AB:UniProt loc med conf:FALSE; AB:UniProt SigP or TMHMM:FALSE; AB:GO CC med conf:FALSE; AB:Human Protein Atlas loc:TRUE; PR:Approved Drug:FALSE; PR:Advanced Clinical:FALSE; PR:Phase 1 Clinical:FALSE; PR:Literature:FALSE; PR:UniProt Ubiquitination:FALSE; PR:Database Ubiquitination:TRUE; PR:Half-life Data:TRUE; PR:Small Molecule Binder:FALSE; OC:Approved Drug:FALSE; OC:Advanced Clinical:FALSE; OC:Phase 1 Clinical:FALSE	ovarian neoplasm	0.3288516029506067			0.0		0.0	
KIF14	ENSG00000118193	ok	KIF14	kinesin family member 14	protein_coding	SM:Approved Drug:FALSE; SM:Advanced Clinical:FALSE; SM:Phase 1 Clinical:FALSE; SM:Structure with Ligand:FALSE; SM:High-Quality Ligand:FALSE; SM:High-Quality Pocket:FALSE; SM:Med-Quality Pocket:FALSE; SM:Druggable Family:FALSE; AB:Approved Drug:FALSE; AB:Advanced Clinical:FALSE; AB:Phase 1 Clinical:FALSE; AB:UniProt loc high conf:FALSE; AB:GO CC high conf:TRUE; AB:UniProt loc med conf:FALSE; AB:UniProt SigP or TMHMM:FALSE; AB:GO CC med conf:FALSE; AB:Human Protein Atlas loc:FALSE; PR:Approved Drug:FALSE; PR:Advanced Clinical:FALSE; PR:Phase 1 Clinical:FALSE; PR:Literature:FALSE; PR:UniProt Ubiquitination:FALSE; PR:Database Ubiquitination:TRUE; PR:Half-life Data:FALSE; PR:Small Molecule Binder:FALSE; OC:Approved Drug:FALSE; OC:Advanced Clinical:FALSE; OC:Phase 1 Clinical:FALSE	microcephaly 20, primary, autosomal recessive	0.722235795216121			0.0		0.0	
LRCH1	ENSG00000136141	ok	LRCH1	leucine rich repeats and calponin homology domain containing 1	protein_coding	SM:Approved Drug:FALSE; SM:Advanced Clinical:FALSE; SM:Phase 1 Clinical:FALSE; SM:Structure with Ligand:FALSE; SM:High-Quality Ligand:FALSE; SM:High-Quality Pocket:FALSE; SM:Med-Quality Pocket:FALSE; SM:Druggable Family:FALSE; AB:Approved Drug:FALSE; AB:Advanced Clinical:FALSE; AB:Phase 1 Clinical:FALSE; AB:UniProt loc high conf:FALSE; AB:GO CC high conf:FALSE; AB:UniProt loc med conf:FALSE; AB:UniProt SigP or TMHMM:FALSE; AB:GO CC med conf:FALSE; AB:Human Protein Atlas loc:FALSE; PR:Approved Drug:FALSE; PR:Advanced Clinical:FALSE; PR:Phase 1 Clinical:FALSE; PR:Literature:FALSE; PR:UniProt Ubiquitination:FALSE; PR:Database Ubiquitination:TRUE; PR:Half-life Data:TRUE; PR:Small Molecule Binder:FALSE; OC:Approved Drug:FALSE; OC:Advanced Clinical:FALSE; OC:Phase 1 Clinical:FALSE	atrial fibrillation	0.4767196035335622	pancreatic ductal adenocarcinoma	0.0072725249576671	0.0		0.0	
CYP3A5	ENSG00000106258	ok	CYP3A5	cytochrome P450 family 3 subfamily A member 5	protein_coding	SM:Approved Drug:TRUE; SM:Advanced Clinical:FALSE; SM:Phase 1 Clinical:FALSE; SM:Structure with Ligand:TRUE; SM:High-Quality Ligand:TRUE; SM:High-Quality Pocket:FALSE; SM:Med-Quality Pocket:FALSE; SM:Druggable Family:TRUE; AB:Approved Drug:FALSE; AB:Advanced Clinical:FALSE; AB:Phase 1 Clinical:FALSE; AB:UniProt loc high conf:FALSE; AB:GO CC high conf:FALSE; AB:UniProt loc med conf:TRUE; AB:UniProt SigP or TMHMM:FALSE; AB:GO CC med conf:FALSE; AB:Human Protein Atlas loc:FALSE; PR:Approved Drug:FALSE; PR:Advanced Clinical:FALSE; PR:Phase 1 Clinical:FALSE; PR:Literature:FALSE; PR:UniProt Ubiquitination:FALSE; PR:Database Ubiquitination:FALSE; PR:Half-life Data:TRUE; PR:Small Molecule Binder:TRUE; OC:Approved Drug:FALSE; OC:Advanced Clinical:FALSE; OC:Phase 1 Clinical:FALSE	HIV infectious disease	0.5994180670404553			2.0	COBICISTAT:HIV-1 infection,HIV infectious disease,infection,human immunodeficiency virus infection,coronavirus disease 2019 (covid-19),human immunodeficiency virus 1 infection,human immunodeficiency virus type 1 infection,hepatitis B virus infection,hepatitis C virus infection,COVID-19 pneumonia,malaria,acute myeloid leukemia,acute leukemia,mixed phenotype acute leukemia,acute lymphoblastic leukemia,pancreatic ductal adenocarcinoma,epidermal growth factor receptor mutation-positive non-small cell lung cancer,non-small cell lung carcinoma,human immunodeficiency virus type 2 infection,human immunodeficiency virus positive patients,human immunodeficiency virus 1 transmission:APPROVAL; RITONAVIR:HIV infectious disease,cirrhosis type c,HIV-1 infection,,viremia,hepatitis C virus infection,chronic hepatitis C virus infection,human immunodeficiency virus infection,covid-19 virus infection,viral infectious disease,human immunodeficiency virus 1 infection,coronavirus disease 2019 (covid-19),human immunodeficiency virus type 1 infection,human immunodeficiency virus RNA elevation,malaria,human immunodeficiency virus-1 infection,virological failure,hyperlipidemia,hepatitis C,hepatitis B virus infection,tuberculosis,placental malaria,Cirrhosis,chronic hepatitis C virus genotype 1 infection,hepatitis C virus genotype 1b infection,hepatitis C virus genotype 1a infection,renal impairment,hepatitis C virus infection genotype 1,hepatitis C virus infection genotype 4,viral suppression,hepatitis C virus genotype 4 infection,chronic hepatitis C virus genotype 4 infection,persistent viremia,hepatocellular carcinoma,community-acquired pneumonia,COVID-19,hepatitis delta virus infection,influenza,COVID-19–associated multisystem inflammatory syndrome in children,hepatitis D virus infection,death,hospitalisation,SARS-CoV-2 infection,middle east respiratory syndrome (mers),Kaposi's sarcoma,human immunodeficiency virus type 1 coinfection,human immunodeficiency virus 2 infection,chronic hepatitis B virus infection,Middle East respiratory syndrome,chronic hepatitis C genotype 1 infection,severe acute respiratory syndrome coronavirus 2 infection,Recurrent lower respiratory tract infections,severe coronavirus disease 2019,disseminated Mycobacterium avium complex disease,AIDS,HIV,human immunodeficiency virus RNA level,progressive multifocal leukoencephalopathy,pregnancy,hiv type 1 infection,brain metastases,virologic failure,malignant glioma,Hepatic fibrosis,human immunodeficiency virus type 1 RNA load,compensated cirrhosis,human immunodeficiency virus type 1 subtype B infection,human immunodeficiency virus type 1 subtype C infection,hepatitis C virus genotype 1 infection,chronic delta hepatitis,chronic hepatitis D virus infection,ischemic risks,liver disorder,chronic hepatitis,chronic hepatitis D infection,prostate cancer,long COVID-19,post-acute sequelae of SARS-CoV-2,dysfunctional breathing patterns,microvascular dysfunction,brain fog,post-acute COVID-19 syndrome,persistent fever,post exertional malaise,postural orthostatic tachycardia syndrome,Fatigue,Inappropriate sinus tachycardia,Dyspnea,long COVID,plasmodium falciparum subclinical parasitemia,glioblastoma,HIV disease,alcohol dependence,cocaine dependence,hypertriglyceridemia,solid tumours,toxoplasmosis,pneumocystosis,alcoholic liver cirrhosis,high levels of Human Endogenous Retrovirus-K,amyotrophic lateral sclerosis,B-cell chronic lymphocytic leukemia,plasma cell myeloma,advanced solid tumours,solid tumor,HER2-expressing advanced solid malignant tumors,salivary gland carcinoma,cirrhosis of liver,chronic kidney disease,cancer,advanced solid tumors,anus neoplasm,glioma,breast cancer,pulmonary arterial hypertension,human immunodeficiency virus RNAemia,lactic acidemia,elevated alanine aminotransferase,Lipoatrophy,lipodystrophy syndrome,immune reconstitution failure,low CD4 cell count,immunosuppression,severe acute respiratory syndrome,human immunodeficiency virus vertical transmission,HIV-1 group M infection,HIV-1 group O infection,complete remission following a bone marrow transplant for Hodgkin lymphoma,HIV-1 RNA suppression,HIV-1 RNA,primary biliary cholangitis,severe acute malnutrition,atherosclerotic cardiovascular disease,plasma viremia,human immunodeficiency virus type 2 infection,end-stage kidney disease,human immunodeficiency virus disease,pneumonia caused by novel coronavirus infection,covid-19,novel coronavirus infectious disease,new coronavirus infection pneumonia,severe new coronavirus infection pneumonia,interstitial pneumonia,acute respiratory distress syndrome,coronavirus disease 2019 pneumonia,COVID-19 pneumonia,cardiovascular complications,vascular damage,persistent SARS-CoV-2 infection,work productivity losses:APPROVAL	1.0	COBICISTAT:HIV-1 infection,HIV infectious disease,infection,human immunodeficiency virus infection,coronavirus disease 2019 (covid-19),human immunodeficiency virus 1 infection,human immunodeficiency virus type 1 infection,hepatitis B virus infection,hepatitis C virus infection,COVID-19 pneumonia,malaria,acute myeloid leukemia,acute leukemia,mixed phenotype acute leukemia,acute lymphoblastic leukemia,pancreatic ductal adenocarcinoma,epidermal growth factor receptor mutation-positive non-small cell lung cancer,non-small cell lung carcinoma,human immunodeficiency virus type 2 infection,human immunodeficiency virus positive patients,human immunodeficiency virus 1 transmission:APPROVAL
AFAP1	ENSG00000196526	ok	AFAP1	actin filament associated protein 1	protein_coding	SM:Approved Drug:FALSE; SM:Advanced Clinical:FALSE; SM:Phase 1 Clinical:FALSE; SM:Structure with Ligand:FALSE; SM:High-Quality Ligand:FALSE; SM:High-Quality Pocket:FALSE; SM:Med-Quality Pocket:FALSE; SM:Druggable Family:FALSE; AB:Approved Drug:FALSE; AB:Advanced Clinical:FALSE; AB:Phase 1 Clinical:FALSE; AB:UniProt loc high conf:FALSE; AB:GO CC high conf:FALSE; AB:UniProt loc med conf:FALSE; AB:UniProt SigP or TMHMM:FALSE; AB:GO CC med conf:FALSE; AB:Human Protein Atlas loc:FALSE; PR:Approved Drug:FALSE; PR:Advanced Clinical:FALSE; PR:Phase 1 Clinical:FALSE; PR:Literature:FALSE; PR:UniProt Ubiquitination:FALSE; PR:Database Ubiquitination:TRUE; PR:Half-life Data:TRUE; PR:Small Molecule Binder:FALSE; OC:Approved Drug:FALSE; OC:Advanced Clinical:FALSE; OC:Phase 1 Clinical:FALSE	open-angle glaucoma	0.5180136348483749			0.0		0.0	
C10ORF11		no_ensembl												
NOX4	ENSG00000086991	ok	NOX4	NADPH oxidase 4	protein_coding	SM:Approved Drug:FALSE; SM:Advanced Clinical:TRUE; SM:Phase 1 Clinical:FALSE; SM:Structure with Ligand:FALSE; SM:High-Quality Ligand:TRUE; SM:High-Quality Pocket:FALSE; SM:Med-Quality Pocket:FALSE; SM:Druggable Family:TRUE; AB:Approved Drug:FALSE; AB:Advanced Clinical:FALSE; AB:Phase 1 Clinical:FALSE; AB:UniProt loc high conf:TRUE; AB:GO CC high conf:TRUE; AB:UniProt loc med conf:FALSE; AB:UniProt SigP or TMHMM:TRUE; AB:GO CC med conf:FALSE; AB:Human Protein Atlas loc:FALSE; PR:Approved Drug:FALSE; PR:Advanced Clinical:FALSE; PR:Phase 1 Clinical:FALSE; PR:Literature:FALSE; PR:UniProt Ubiquitination:FALSE; PR:Database Ubiquitination:FALSE; PR:Half-life Data:FALSE; PR:Small Molecule Binder:TRUE; OC:Approved Drug:FALSE; OC:Advanced Clinical:FALSE; OC:Phase 1 Clinical:FALSE	hair color	0.4969209079049391			1.0	SETANAXIB:fibrosis,albuminuria,liver stiffness,primary biliary cholangitis,idiopathic pulmonary fibrosis,elevated liver stiffness,head and neck squamous cell carcinoma,Alport syndrome:PHASE_2	0.0	
RAB38	ENSG00000123892	ok	RAB38	RAB38, member RAS oncogene family	protein_coding	SM:Approved Drug:FALSE; SM:Advanced Clinical:FALSE; SM:Phase 1 Clinical:FALSE; SM:Structure with Ligand:TRUE; SM:High-Quality Ligand:FALSE; SM:High-Quality Pocket:FALSE; SM:Med-Quality Pocket:FALSE; SM:Druggable Family:FALSE; AB:Approved Drug:FALSE; AB:Advanced Clinical:FALSE; AB:Phase 1 Clinical:FALSE; AB:UniProt loc high conf:TRUE; AB:GO CC high conf:FALSE; AB:UniProt loc med conf:FALSE; AB:UniProt SigP or TMHMM:FALSE; AB:GO CC med conf:TRUE; AB:Human Protein Atlas loc:FALSE; PR:Approved Drug:FALSE; PR:Advanced Clinical:FALSE; PR:Phase 1 Clinical:FALSE; PR:Literature:FALSE; PR:UniProt Ubiquitination:FALSE; PR:Database Ubiquitination:FALSE; PR:Half-life Data:TRUE; PR:Small Molecule Binder:FALSE; OC:Approved Drug:FALSE; OC:Advanced Clinical:FALSE; OC:Phase 1 Clinical:FALSE	benign neoplasm of eye	0.4400396781480583	familial pancreatic carcinoma	0.0604981689904707	0.0		0.0	
CYB5D1	ENSG00000182224	ok	CYB5D1	cytochrome b5 domain containing 1	protein_coding	SM:Approved Drug:FALSE; SM:Advanced Clinical:FALSE; SM:Phase 1 Clinical:FALSE; SM:Structure with Ligand:TRUE; SM:High-Quality Ligand:FALSE; SM:High-Quality Pocket:FALSE; SM:Med-Quality Pocket:FALSE; SM:Druggable Family:FALSE; AB:Approved Drug:FALSE; AB:Advanced Clinical:FALSE; AB:Phase 1 Clinical:FALSE; AB:UniProt loc high conf:FALSE; AB:GO CC high conf:FALSE; AB:UniProt loc med conf:FALSE; AB:UniProt SigP or TMHMM:FALSE; AB:GO CC med conf:FALSE; AB:Human Protein Atlas loc:FALSE; PR:Approved Drug:FALSE; PR:Advanced Clinical:FALSE; PR:Phase 1 Clinical:FALSE; PR:Literature:FALSE; PR:UniProt Ubiquitination:FALSE; PR:Database Ubiquitination:TRUE; PR:Half-life Data:FALSE; PR:Small Molecule Binder:FALSE; OC:Approved Drug:FALSE; OC:Advanced Clinical:FALSE; OC:Phase 1 Clinical:FALSE	musculoskeletal system disorder	0.2811718913639828			0.0		0.0	
VLDLR	ENSG00000147852	ok	VLDLR	very low density lipoprotein receptor	protein_coding	SM:Approved Drug:FALSE; SM:Advanced Clinical:FALSE; SM:Phase 1 Clinical:FALSE; SM:Structure with Ligand:FALSE; SM:High-Quality Ligand:FALSE; SM:High-Quality Pocket:FALSE; SM:Med-Quality Pocket:FALSE; SM:Druggable Family:FALSE; AB:Approved Drug:FALSE; AB:Advanced Clinical:FALSE; AB:Phase 1 Clinical:FALSE; AB:UniProt loc high conf:TRUE; AB:GO CC high conf:TRUE; AB:UniProt loc med conf:FALSE; AB:UniProt SigP or TMHMM:TRUE; AB:GO CC med conf:FALSE; AB:Human Protein Atlas loc:FALSE; PR:Approved Drug:FALSE; PR:Advanced Clinical:FALSE; PR:Phase 1 Clinical:FALSE; PR:Literature:FALSE; PR:UniProt Ubiquitination:TRUE; PR:Database Ubiquitination:TRUE; PR:Half-life Data:TRUE; PR:Small Molecule Binder:FALSE; OC:Approved Drug:FALSE; OC:Advanced Clinical:FALSE; OC:Phase 1 Clinical:FALSE	Dysequilibrium syndrome	0.7875141725853417			0.0		0.0	
ZNF117	ENSG00000152926	ok	ZNF117	zinc finger protein 117	protein_coding	SM:Approved Drug:FALSE; SM:Advanced Clinical:FALSE; SM:Phase 1 Clinical:FALSE; SM:Structure with Ligand:FALSE; SM:High-Quality Ligand:FALSE; SM:High-Quality Pocket:FALSE; SM:Med-Quality Pocket:FALSE; SM:Druggable Family:FALSE; AB:Approved Drug:FALSE; AB:Advanced Clinical:FALSE; AB:Phase 1 Clinical:FALSE; AB:UniProt loc high conf:FALSE; AB:GO CC high conf:FALSE; AB:UniProt loc med conf:FALSE; AB:UniProt SigP or TMHMM:FALSE; AB:GO CC med conf:FALSE; AB:Human Protein Atlas loc:FALSE; PR:Approved Drug:FALSE; PR:Advanced Clinical:FALSE; PR:Phase 1 Clinical:FALSE; PR:Literature:FALSE; PR:UniProt Ubiquitination:FALSE; PR:Database Ubiquitination:TRUE; PR:Half-life Data:FALSE; PR:Small Molecule Binder:FALSE; OC:Approved Drug:FALSE; OC:Advanced Clinical:FALSE; OC:Phase 1 Clinical:FALSE	neurodegenerative disease	0.4885897991380236	pancreatic intraductal papillary-mucinous neoplasm	0.0286424387380643	0.0		0.0	
ADIPOQ	ENSG00000181092	ok	ADIPOQ	adiponectin, C1Q and collagen domain containing	protein_coding	SM:Approved Drug:FALSE; SM:Advanced Clinical:FALSE; SM:Phase 1 Clinical:FALSE; SM:Structure with Ligand:FALSE; SM:High-Quality Ligand:FALSE; SM:High-Quality Pocket:FALSE; SM:Med-Quality Pocket:FALSE; SM:Druggable Family:FALSE; AB:Approved Drug:FALSE; AB:Advanced Clinical:FALSE; AB:Phase 1 Clinical:FALSE; AB:UniProt loc high conf:TRUE; AB:GO CC high conf:TRUE; AB:UniProt loc med conf:FALSE; AB:UniProt SigP or TMHMM:TRUE; AB:GO CC med conf:FALSE; AB:Human Protein Atlas loc:FALSE; PR:Approved Drug:FALSE; PR:Advanced Clinical:FALSE; PR:Phase 1 Clinical:FALSE; PR:Literature:FALSE; PR:UniProt Ubiquitination:FALSE; PR:Database Ubiquitination:FALSE; PR:Half-life Data:FALSE; PR:Small Molecule Binder:FALSE; OC:Approved Drug:FALSE; OC:Advanced Clinical:FALSE; OC:Phase 1 Clinical:FALSE	adiponectin deficiency	0.4425109828183368	pancreatic neoplasm	0.1073386330991938	0.0		0.0	
